palavras,repeticoes
covid-19,236
pessoas,198
vírus,192
vacina,189
vacinas,165
saúde,155
veja,147
coronavírus,133
fake,120
pandemia,118
casos,118
doença,108
brasil,97
sars-cov-2,97
estudo,88
estado,84
vacinação,83
covid,76
falsa,71
variantes,70
mortes,70
dados,69
fato,69
máscara,68
variante,67
redes,66
universidade,66
são,65
caso,64
pesquisa,63
sociais,63
acordo,62
pessoa,62
então,60
fase,59
proteína,57
dose,57
explica,55
afirma,54
população,53
oms,52
dias,52
equipe,52
país,51
governo,51
pacientes,50
além,49
estudos,47
ar,46
pesquisadores,45
sul,45
mutações,44
mundo,44
mas,44
estados,44
durante,43
início,43
vídeos,42
qualquer,42
cientistas,42
medicamentos,42
cidade,42
laboratório,42
instituto,41
doses,41
células,41
testes,40
paulo,40
risco,40
federal,39
news,39
eficácia,39
identificar,38
bolsonaro,38
transmissão,37
isso,37
tratamento,37
falsas,37
região,37
presidente,37
tempo,36
uma,36
causa,36
rede,35
confirmados,35
rio,35
[,35
],35
ministério,35
para,35
segundo,35
notícias,34
segurança,34
anticorpos,34
janeiro,34
taxa,34
países,33
pfizer,33
organização,33
total,32
unidos,32
milhões,31
doenças,31
checagens,31
whatsapp,31
por,30
rna,30
conta,30
declaração,29
já,29
março,29
anvisa,29
estadual,29
boca,29
resultados,28
mundial,27
humanos,27
professor,27
máscaras,27
tipo,27
resposta,27
existe,27
mensagens,27
leitos,26
óbitos,26
manaus,26
amostras,26
corpo,26
secretaria,26
eu,25
mande,25
proteção,25
hospital,25
imunização,25
adicionar,25
coronavac,25
com,25
justiça,25
ciência,25
importante,24
público,24
fakeadicione,24
sintomas,24
cpi,24
inscrito,24
especialistas,24
saudação,24
informação,24
tecnologia,24
pública,24
nacional,23
g1,23
aplicação,23
desenvolvimento,23
r,23
spike,23
goiás,23
$,23
publicado,23
outubro,23
infecção,23
evitar,23
material,22
pesquisador,22
setembro,22
efeitos,22
afirmou,22
gripe,22
documento,22
genético,22
uti,22
semana,22
sp,22
imunizante,22
apesar,22
grande,22
nota,21
vigilância,21
grafeno,21
viral,21
tribunal,21
problemas,21
boletim,21
amazonas,21
se,21
cloroquina,20
medidas,20
base,20
cerca,20
também,20
teste,20
minas,20
pai,20
leia,20
polícia,20
busca,20
conforme,20
hiv,20
relatório,20
proteínas,20
imagem,20
locais,19
verdade,19
registrou,19
medicamento,19
grave,19
nariz,19
ainda,19
projeto,19
presença,19
disponíveis,19
quase,19
agosto,19
essa,19
vítimas,19
principais,19
eua,19
ocupação,19
imagens,19
municípios,18
clínicos,18
números,18
homem,18
animais,18
óxido,18
professora,18
ivermectina,18
resultado,18
esse,18
portanto,18
hidroxicloroquina,18
decisão,18
abaixo,18
delação,18
china,17
prefeitura,17
unido,17
destaca,17
evidências,17
junho,17
quarta-feira,17
mensageiro,17
científica,17
defesa,17
processo,17
julho,17
dna,17
entanto,17
fala,17
fakhoury,17
carlos,17
passado,17
vida,17
alto,17
responsável,17
áfrica,17
espaço,17
ministro,17
melhor,17
reino,17
casa,17
combate,16
brasileira,16
afirmação,16
filho,16
necessário,16
paciente,16
claro,16
significa,16
aponta,16
médico,16
alta,16
ficar,16
análise,16
época,16
longo,16
paraná,16
precisa,16
infectadas,16
tipos,16
jair,16
contato,16
vacinados,16
graves,16
tomar,16
fiocruz,16
deputado,16
notícia,15
imune,15
diferentes,15
morte,15
possibilidade,15
agências,15
genoma,15
distanciamento,15
abril,15
sexta-feira,15
interior,15
única,15
imunizantes,15
mostram,15
social,15
atual,15
inclusive,15
maio,15
pra,15
monitoramento,15
ao,15
controle,15
efeito,15
eleitoral,15
publicada,15
como,15
possam,15
quando,15
fazenda,15
disseminação,14
‘,14
quinta-feira,14
produção,14
secretária,14
riscos,14
plataforma,14
política,14
mrna,14
município,14
’,14
recebeu,14
mori,14
estrutura,14
bahia,14
santa,14
lembra,14
desinformação,14
origem,14
sequenciamento,14
ana,14
acesso,14
cidades,14
eventos,14
fechados,13
delta,13
comparação,13
p.1,13
imunidade,13
programa,13
nos,13
especialista,13
organismo,13
publicação,13
decisões,13
empresa,13
investigação,13
entre,13
acima,13
leite,13
evolução,13
situação,13
ou,13
encontrar,13
totalmente,13
pesquisadora,13
entenda,13
medida,13
usar,13
frança,13
usa,13
núcleo,13
josé,13
confirmou,13
funcionários,13
aumento,13
internados,13
começou,13
descoberta,12
incluindo,12
mostrou,12
contexto,12
morreram,12
ir,12
gotículas,12
sono,12
médicos,12
agência,12
adolescentes,12
prevenção,12
sirius,12
brasileiros,12
receber,12
equipamento,12
gerais,12
ciências,12
maiores,12
mortos,12
escolas,12
quantidade,12
humano,12
funciona,12
terça-feira,12
essas,12
sugere,12
várias,12
bilhões,12
municipal,12
grupos,12
atualmente,12
partículas,12
colaterais,12
mãos,12
surgimento,12
moderna,12
luz,12
virologista,12
marília,11
esquema,11
período,11
comuns,11
infectados,11
hospitais,11
eficazes,11
queda,11
astrazeneca,11
enfermaria,11
corte,11
mais,11
toledo,11
comissão,11
necessidade,11
serem,11
precoce,11
terapia,11
unidade,11
intensiva,11
versão,11
desde,11
menores,11
pesquisas,11
operação,11
cientista,11
quem,11
chamado,11
aprovadas,11
revista,11
cepa,11
acidente,11
ocorreu,11
rápido,11
código,11
decorrência,11
realizado,11
hoje,11
circulação,11
eles,11
contaminação,11
aplicadas,11
conhecido,11
tratar,11
começo,11
alerta,11
entender,11
públicas,11
média,11
sociedade,11
vacinado,11
comunicação,11
reforça,11
wuhan,11
gerar,11
político,11
zárate-bladés,11
peão,11
morcegos,11
publicações,10
medicina,10
campinas,10
candidato,10
frente,10
registros,10
capacidade,10
fechado,10
...,10
norovírus,10
presente,10
campanha,10
ajudar,10
molecular,10
entrevista,10
mutação,10
junto,10
há,10
suspeitos,10
letalidade,10
fatores,10
científico,10
receberam,10
idade,10
recomendação,10
diferente,10
escola,10
características,10
entra,10
ação,10
cenário,10
série,10
causar,10
usada,10
hang,10
luciano,10
necessária,10
servidores,10
sentido,10
eficaz,10
proteger,10
visto,10
forte,10
recursos,10
genética,10
genomas,10
ultrapassou,10
moléculas,10
seres,10
indivíduos,10
real,10
etapas,10
centro,10
fevereiro,10
respiração,10
saliva,10
capaz,10
realmente,10
recente,10
internacional,10
singapura,10
lambda,10
tomaram,10
afirmam,9
catarina,9
replicação,9
preocupação,9
fica,9
relacionadas,9
explicou,9
fornecer,9
unidades,9
prevenir,9
públicos,9
ficou,9
trata,9
cs,9
autoridades,9
semelhantes,9
existem,9
aplicativo,9
neste,9
mendonça,9
declarações,9
pedido,9
filipinas,9
desenvolver,9
qualidade,9
internet,9
mayra,9
novembro,9
avaliar,9
fases,9
linhagens,9
tereza,9
oficial,9
usado,9
neutralizantes,9
taxas,9
dinheiro,9
mãe,9
medo,9
deixa,9
chamada,9
óbito,9
completamente,9
exatamente,9
questões,9
divulgado,9
acrescenta,9
principalmente,9
anterior,9
vagas,9
oxford,9
rappler,9
possa,9
citado,9
formas,9
eduardo,9
grosso,9
vetor,9
disponível,9
mudanças,9
fila,9
todas,9
usp,9
família,9
ses,9
avanço,9
manter,9
continua,9
acontece,9
biden,9
pátria,9
ambas,8
falso,8
fizeram,8
divulgados,8
causada,8
saber,8
deixar,8
enfermarias,8
mato,8
alegações,8
utilizada,8
objetivo,8
ambientes,8
rosto,8
conjunto,8
variação,8
aerossóis,8
genômica,8
esforços,8
farmacêutica,8
ajuda,8
domingo,8
ocasião,8
leves,8
superior,8
exames,8
noroeste,8
paranaíba,8
triângulo,8
ideal,8
registrados,8
mercado,8
reinfecção,8
ideia,8
adversos,8
médica,8
funcionamento,8
imunológico,8
levantamento,8
esses,8
semanas,8
ações,8
imunizada,8
américa,8
célula,8
criar,8
essencial,8
índice,8
correta,8
passou,8
circulam,8
anunciou,8
positivo,8
recentemente,8
completa,8
preciso,8
respirando,8
reações,8
data,8
aparece,8
instituições,8
veículos,8
spilki,8
oeste,8
artigo,8
cronograma,8
conteúdo,8
teorias,8
dado,8
europa,8
esclarece,8
milhão,8
evento,8
diversos,8
sofrer,8
fundamental,8
materiais,8
sanitária,8
levado,8
utilização,8
corresponde,8
adulto,8
reportagem,8
identificado,8
hipótese,8
sério,8
esposa,8
levar,8
morreu,8
impacto,8
chega,8
infectar,8
foi,8
financiamento,8
imunizados,8
gravidade,8
fenômeno,8
vacinar,8
fundação,8
sábado,8
respeito,8
causador,8
conselho,8
sistema,8
propriedade,8
trabalhar,8
modelo,8
partido,8
profissionais,8
nasal,8
realizados,8
levou,8
enfrentamento,8
porto,8
impedir,8
diversas,8
comportamento,8
único,8
inglês,8
recebe,8
confiança,8
ue,8
orçamento,8
lncc,8
mesmo,8
voto,8
dosagem,8
bndes,8
produto,7
indica,7
aparecida,7
aconteceu,7
consta,7
peru,7
relacionados,7
preso,7
realizada,7
pessoal,7
específico,7
g,7
representa,7
registro,7
mentiras,7
realizar,7
cuidados,7
presentes,7
internações,7
parceria,7
utilizado,7
reconheceu,7
centros,7
combater,7
reforço,7
cabeça,7
assistidos,7
clínicas,7
fundamentais,7
sanitário,7
vacinada,7
chile,7
reação,7
banco,7
crianças,7
tv,7
norte,7
devido,7
linhagem,7
altas,7
certo,7
completar,7
completo,7
circulando,7
circula,7
butantan,7
linha,7
cardiovasculares,7
joão,7
coordenador,7
transporte,7
fernando,7
notificações,7
paulista,7
escreveu,7
transmissibilidade,7
benefício,7
indivíduo,7
imunológica,7
bactéria,7
identificada,7
chegar,7
considera,7
até,7
"1,5",7
sequência,7
poeira,7
atingiu,7
entidade,7
silva,7
tomou,7
enquanto,7
conseguiu,7
metade,7
gestão,7
administração,7
rodrigo,7
filhos,7
recorde,7
novo,7
presidência,7
associação,7
protocolos,7
registrado,7
alegre,7
justamente,7
segunda-feira,7
todos,7
regiões,7
serviços,7
uberaba,7
concluiu,7
bioinformática,7
famoso,7
utis,7
elas,7
maneira,7
legenda,7
consideradas,7
votação,7
lista,7
perfil,7
dezembro,7
compartilhe,7
sabemos,7
alemanha,7
recentes,7
empresas,7
lula,7
águas,7
civil,7
militar,7
precisam,7
via,7
tentar,7
crime,7
índia,7
aprovação,7
difícil,7
sul-africana,7
evidência,7
alvo,7
detalhes,7
contrário,7
extração,7
doentes,7
testada,7
considerando,7
laranja,7
concentração,7
prática,7
tj,7
geração,7
termo,7
posse,7
emergencial,7
etapa,7
clínico,7
precisamos,7
tornar,7
usadas,7
livre,7
traz,7
direito,7
avalia,7
dióxido,7
valter,7
s,7
impotência,7
pontuação,7
viés,7
ambiente,7
fauci,7
carbono,7
serra,6
partes,6
depoimento,6
virais,6
chinesa,6
capazes,6
entrega,6
encontradas,6
regime,6
sair,6
preocupações,6
temos,6
emergência,6
tentam,6
mulheres,6
cantora,6
diariamente,6
infecções,6
sistemas,6
estratégia,6
motivo,6
droga,6
amarela,6
percentual,6
atenção,6
usando,6
permite,6
tailândia,6
nova,6
acompanhar,6
verde,6
recomendações,6
do,6
tosse,6
produtos,6
muda,6
doria,6
ligados,6
consumo,6
inicial,6
tamanho,6
familiares,6
comprovação,6
volta,6
trabalho,6
razão,6
razai,6
redução,6
confira,6
história,6
privada,6
laboratórios,6
explicar,6
antes,6
abertura,6
descobriram,6
presos,6
rápida,6
aberto,6
décadas,6
seguida,6
saiba,6
indicadores,6
marcos,6
pasteur,6
salomão,6
sugerem,6
otávio,6
the,6
indevida,6
água,6
ataques,6
custo,6
nanopartículas,6
detectada,6
p.2,6
lidar,6
ppm,6
japão,6
papa,6
conclusão,6
entrar,6
realizou,6
campos,6
apresenta,6
simplesmente,6
ressalta,6
jovem,6
trata-se,6
trás,6
leva,6
formação,6
europeia,6
aplicado,6
milhares,6
instalado,6
chegou,6
provavelmente,6
ia,6
acredito,6
vendas,6
passaram,6
foram,6
nós,6
divulgada,6
voluntários,6
contágio,6
vacinal,6
dúvidas,6
protease,6
depois,6
terem,6
twitter,6
diagnóstico,6
imunizadas,6
biologia,6
passa,6
preocupantes,6
detecção,6
após,6
considerar,6
publicou,6
afp,6
conter,6
quanto,6
somente,6
complexo,6
suspeita,6
técnica,6
centenas,6
governos,6
superfícies,6
perguntas,6
acho,6
algumas,6
ensaios,6
distribuição,6
minutos,6
original,6
quadro,6
potencial,6
união,6
coletadas,6
suspeitas,6
chacina,6
continuar,6
usam,6
molécula,6
problema,6
sucesso,6
fotos,6
bucal,6
eleições,6
vitor,6
link,6
ambos,6
sol,6
biofilme,6
sinal,6
mulher,6
paula,6
deu,6
maria,6
importantes,6
globo,6
carga,6
nesta,6
continuam,6
avaliação,6
respirar,6
espera,6
britânica,6
moradores,6
chegaram,6
induzir,6
chance,6
popular,6
vale,6
longa,6
pressão,6
goiânia,6
suficiente,6
vejo,6
relatos,6
ilha,6
tóxica,6
inteiro,6
associada,6
nomes,6
ceará,6
súbito,6
arcebispo,6
amada,6
bens,5
entretanto,5
governador,5
vistos,5
unanimidade,5
rs,5
conhecida,5
ferrovia,5
cachoeira,5
encontrado,5
vacinadas,5
mentira,5
pecuaristas,5
apresentou,5
estação,5
acreditar,5
consequência,5
porque,5
tudo,5
aeronave,5
terapêutica,5
redor,5
enganosas,5
sus,5
boato,5
diretamente,5
gado,5
relatados,5
investigações,5
inês,5
utilizar,5
imunologia,5
genéticos,5
tabela,5
dizendo,5
andamento,5
serviço,5
utilizando,5
departamento,5
jovens,5
analisar,5
imposto,5
pede,5
acontecer,5
pagar,5
tema,5
discurso,5
processos,5
católica,5
lucas,5
epidemiológico,5
cita,5
vítima,5
fazendeiro,5
erro,5
câncer,5
genéticas,5
possíveis,5
queria,5
fraude,5
avião,5
deixou,5
deixam,5
pará,5
primeiro,5
cruz,5
c,5
raros,5
realidade,5
humanas,5
parar,5
álcool,5
frear,5
santarém,5
termina,5
checagem,5
participantes,5
prazo,5
verdadeira,5
subiu,5
hospitalizados,5
segue,5
atividade,5
memória,5
outros,5
recomendou,5
assunto,5
secretário,5
dos,5
gera,5
recuperados,5
informa,5
papel,5
reduzir,5
chegam,5
capital,5
combinação,5
inclui,5
orientações,5
homens,5
batizada,5
aliás,5
telegram,5
profissional,5
trabalha,5
haver,5
chegada,5
aplicada,5
fda,5
palavras,5
divulgação,5
entrada,5
alegação,5
lockdown,5
vidas,5
antivacina,5
experimental,5
internação,5
graças,5
tem,5
imprensa,5
restaurantes,5
móvel,5
potencialmente,5
conseguem,5
povo,5
psdb,5
diretor,5
seguinte,5
órgão,5
transmissível,5
infectologista,5
marca,5
deus,5
eficiência,5
frase,5
chefe,5
comunidade,5
termos,5
iniciais,5
atraso,5
dor,5
isolamento,5
preto,5
permanecem,5
positivos,5
abertas,5
urgência,5
terra,5
testadas,5
governadores,5
viável,5
participar,5
parecido,5
delivery,5
eletrônico,5
ressaltou,5
índices,5
poderá,5
conseguir,5
parlamentar,5
pernambuco,5
vou,5
aspirina,5
pegar,5
apresentar,5
atuação,5
perigo,5
outro,5
agentes,5
ajuste,5
havan,5
diminuir,5
argentina,5
procurar,5
pfizer/biontech,5
controlada,5
podemos,5
higienização,5
absolutamente,5
associado,5
cada,5
comprovante,5
existência,5
live,5
propagação,5
observa,5
houve,5
protocolo,5
aberta,5
turno,5
celular,5
ouvidos,5
investimento,5
distância,5
composição,5
oxigênio,5
regional,5
neris,5
pagamento,5
valor,5
onu,5
normal,5
três,5
zika,5
infectado,5
adianta,5
críticas,5
pt,5
reis,5
possui,5
enxergar,5
hospitalização,5
república,5
ufsc,5
remédio,5
racional,5
envolvidos,5
maurício,5
baiano,5
independentemente,5
políticos,5
pré-clínica,5
interesse,5
coronel,5
usados,5
áreas,5
tiros,5
integrantes,5
espalha,5
cumpridos,5
benefícios,5
trabalham,5
desembargadora,5
espícula,5
órgãos,5
criminosos,5
responsáveis,5
tratamentos,5
senadores,5
núcleos,5
adesão,5
horizonte,5
surgiu,5
cria,5
geralmente,5
pazuello,5
tatoud,5
eficiente,5
cepas,5
tratecov,5
olho,5
indiana,5
fechada,5
especialmente,5
aglomeração,5
corretamente,5
embora,5
esforço,5
opção,5
normalmente,5
começa,5
farmácia,5
fácil,5
pasta,5
diretoria,5
costumam,5
dezenas,5
sensores,5
aumentou,5
conhecidas,5
língua,5
baba,5
babar,5
recusa,5
novavax,5
estatísticas,4
nº,4
assinado,4
comunicado,4
indicar,4
bula,4
mortalidade,4
especificamente,4
tais,4
garantir,4
abertos,4
ventilados,4
ajustada,4
encontraram,4
pff2,4
recomenda,4
impostos,4
portaria,4
extra,4
protegem,4
apontou,4
tornou,4
residuárias,4
descartados,4
brasileiras,4
cilindros,4
identificadas,4
dentre,4
gama,4
instituição,4
tangará,4
nature,4
identificados,4
leste,4
febre,4
floresta,4
provável,4
nunes,4
coração,4
vacinômetro,4
central,4
tsukayama,4
pm,4
laboratorial,4
crise,4
tomado,4
atualizados,4
física,4
in,4
abordagem,4
começaram,4
certa,4
enviadas,4
potenciais,4
seis,4
dispositivo,4
antiviral,4
espalhar,4
pano,4
desmentida,4
circulado,4
simples,4
sermão,4
revelou,4
brandes,4
cdc,4
esgotos,4
encontrados,4
associados,4
científicos,4
responder,4
compartilhar,4
compras,4
preocupar,4
atingido,4
esta,4
n95,4
whatsappcompartilhe,4
permitiu,4
estabelecer,4
adverso,4
análises,4
comum,4
produzidas,4
escolher,4
ciclo,4
pa,4
fórum,4
estruturas,4
seguintes,4
epidemia,4
exemplos,4
coloca,4
afirmar,4
atividades,4
praticamente,4
boatos,4
você,4
metropolitana,4
técnico,4
manacá,4
prevê,4
criança,4
assim,4
terapêuticas,4
assumiu,4
computação,4
belo,4
tecnologias,4
substâncias,4
seguro,4
interesses,4
estimativa,4
obter,4
internacionais,4
achava,4
microbiologia,4
baseada,4
bombeiros,4
mandato,4
apresentação,4
ufmg,4
gel,4
frequência,4
entrou,4
detalhadas,4
evita,4
infecciosas,4
neutralizar,4
sabia,4
mapeamento,4
carteira,4
inicialmente,4
b.1.1.7,4
orientação,4
principal,4
correto,4
sequenciar,4
projetos,4
ocorre,4
detalhe,4
candidatos,4
desafios,4
sequelas,4
ferramenta,4
painel,4
muitas,4
alcance,4
falar,4
membros,4
passar,4
placa,4
checou,4
abre,4
azitromicina,4
advogados,4
sintoma,4
empresários,4
famílias,4
céu,4
eclipse,4
administrada,4
infectologia,4
torna,4
serve,4
campo,4
formado,4
aumentar,4
sala,4
ordem,4
agente,4
verifica,4
epidemias,4
influenciar,4
métodos,4
plantas,4
colocar,4
instalação,4
devemos,4
afirmações,4
consequências,4
desenvolvidos,4
apagar,4
nesse,4
idosos,4
criminosa,4
produzida,4
membro,4
stj,4
braços,4
cristina,4
votar,4
saudáveis,4
compartilhada,4
surto,4
santana,4
arthur,4
sabrina,4
meu,4
supermercado,4
contém,4
sandra,4
juntos,4
vela,4
fósforo,4
adolescente,4
apresentam,4
ficam,4
jornal,4
biontech,4
recomendada,4
verificar,4
preliminares,4
prisão,4
carro,4
necessárias,4
similares,4
representando,4
fortes,4
compartilhamento,4
realização,4
catarinense,4
imunizar,4
citados,4
teologia,4
acabam,4
exposição,4
porte,4
ineficazes,4
molnupiravir,4
atuais,4
professores,4
controlar,4
sequer,4
citada,4
máquina,4
grupo,4
condições,4
matar,4
oral,4
desses,4
adversas,4
representam,4
bebês,4
apresentando,4
aguardam,4
oswaldo,4
curso,4
recuperaram,4
investigado,4
gerando,4
espécie,4
pedir,4
cerebrais,4
babando,4
previsto,4
e484k,4
bares,4
respostas,4
digital,4
experiência,4
alertam,4
utiliza,4
exceção,4
relator,4
participou,4
integral,4
geneticamente,4
higiene,4
babam,4
medir,4
investimentos,4
falou,4
science,4
gravado,4
síncrotron,4
bonorino,4
perigosos,4
francisco,4
idaf,4
adicionais,4
cnh,4
unifesp,4
sequenciamentos,4
4ª,4
acre,4
radiação,4
escala,4
publicadas,4
permanece,4
versões,4
citando,4
camundongos,4
coletiva,4
temas,4
itália,4
supremo,4
rússia,4
perder,4
líder,4
recorreu,4
parecer,4
identificou,4
gabinete,4
diferenças,4
paralelo,4
aproximadamente,4
respiratórias,4
2ª,4
janssen,4
técnicas,4
danos,4
informado,4
diminuição,4
lote,4
enfermeira,4
encontrou,4
mapa,4
luiz,4
mandados,4
facebook,4
zuckerberg,4
seguras,4
aparecem,4
restaurante,4
transmitir,4
barreiras,4
deixando,4
empresário,4
reconhecer,4
divulgou,4
declarou,4
significam,4
felipe,4
tuíte,4
utilizados,4
explicam,4
dupla,4
nãoébemassim,4
mucosa,4
produzir,4
encontram,4
concentrações,4
trabalhadores,4
semelhante,4
tse,4
encontrada,4
assista,4
titular,4
publicados,4
duarte,4
pontifícia,4
considerado,4
futuro,4
conservação,4
aids,4
abuso,4
permitem,4
francischini,4
patogênica,4
roger,4
mudança,4
estabelecimentos,4
conversa,4
vive,4
americano,4
pessoasidosos,4
janelas,4
ocorrido,4
jornalista,4
betsch,4
contaminado,4
ressa,4
zarpão,4
réu,4
girão,3
daqui,3
seguindo,3
usou,3
procedimentos,3
passando,3
evite,3
perfis,3
previsão,3
flexibilização,3
contaminada,3
acompanham,3
juros,3
atribuído,3
receita,3
evitando,3
antígenos,3
posteriormente,3
cadeia,3
detran-ce,3
tecido,3
melhores,3
bbc,3
ódio,3
geraldo,3
liberação,3
falsidade,3
comprovadas,3
cenas,3
amparo,3
nu,3
conheço,3
fita,3
reuniu,3
tornaram,3
joelho,3
trecho,3
função,3
individual,3
eficientes,3
precisou,3
prever,3
souza,3
invasão,3
tik,3
baseadas,3
nas,3
contendo,3
neto,3
americana,3
microgotículas,3
contêm,3
ácido,3
e-mail,3
novamente,3
aceitação,3
máquinas,3
genes,3
mudou,3
naturais,3
confirmar,3
sensor,3
aplicativos,3
determinado,3
critérios,3
geram,3
refere,3
condenou,3
apontaram,3
entendimento,3
autora,3
recomendado,3
sanguíneos,3
imunologista,3
basicamente,3
reversa,3
puc-rs,3
espaços,3
estágio,3
preparar,3
determinadas,3
detran,3
motorista,3
entraram,3
obtido,3
registra,3
mães,3
fatos,3
direto,3
imaginar,3
sintético,3
sequências,3
s.,3
superfície,3
depende,3
uberlândia,3
criada,3
comunitária,3
bem,3
clique,3
modificados,3
nitrogenadas,3
conspiratórias,3
bases,3
conexão,3
concorda,3
saleska,3
aprovado,3
feevale,3
anthony,3
ventilação,3
ocorrer,3
categorias,3
falando,3
letras,3
espalhando,3
anual,3
imunorregulação,3
amigos,3
produzido,3
isolado,3
print,3
transmite,3
autonomia,3
tok,3
prova,3
datas,3
causadas,3
levados,3
mecanismo,3
da,3
conveniência,3
brusque,3
avaliados,3
alega,3
administradas,3
comirnatytm,3
percepção,3
v,3
atribui,3
fabricante,3
agricultura,3
reguladoras,3
monitorados,3
extremamente,3
causando,3
alteram,3
ap,3
criminal,3
buscar,3
contou,3
reduzida,3
manifestações,3
pontua,3
demonstram,3
agora,3
contínuo,3
posto,3
solução,3
atribuída,3
nobel,3
globalmente,3
reforçam,3
gerada,3
incentivo,3
avanços,3
recomendam,3
elaboração,3
diversidade,3
ptb,3
pelo,3
responsabilidade,3
enfatiza,3
medicação,3
maricato,3
pós-vacinação,3
suspendeu,3
tomarem,3
lugares,3
sputnik,3
baixa,3
viajantes,3
circulou,3
remédios,3
logo,3
proporção,3
jacareí,3
subunidades,3
inquérito,3
3ª,3
confirmação,3
distorcer,3
adriana,3
analisaram,3
estudada,3
atos,3
investiga,3
iomar,3
sobre,3
testagem,3
passo,3
diferença,3
francesa,3
sustenta,3
gráfico,3
exposta,3
probabilidade,3
franca,3
duas,3
saíram,3
quarentena,3
autópsia,3
negativos,3
confirmam,3
histórias,3
perdeu,3
parentes,3
irmão,3
alcançar,3
responde,3
pós-covid,3
medula,3
tentando,3
expostas,3
venda,3
bactérias,3
taubaté,3
desmentiu,3
vinha,3
cálculo,3
sensação,3
cuidado,3
alexandre,3
conduzido,3
ondas,3
pronto,3
indicado,3
preliminar,3
araraquara,3
global,3
anteriores,3
diário,3
causam,3
ocupa,3
modificado,3
rapidamente,3
maneiras,3
promissores,3
prejudicial,3
evoluir,3
existentes,3
condição,3
possuem,3
neutralização,3
terapias,3
fechar,3
canadá,3
levada,3
testar,3
adversa,3
comprovada,3
zhifei,3
questionado,3
anhui,3
aprovada,3
bacteriana,3
dando,3
doutorado,3
adotada,3
direcionada,3
avenida,3
ler,3
aeroporto,3
pensar,3
conteúdos,3
massa,3
jones,3
divulgadas,3
procede,3
manipular,3
síndrome,3
larga,3
criticou,3
entrevistas,3
falsos,3
antígeno,3
argumento,3
sigla,3
juntamente,3
continuidade,3
produzindo,3
wyss,3
desenvolvido,3
princípio,3
esperadas,3
alteração,3
procurado,3
oficiais,3
compreender,3
am,3
brasileiro,3
avançar,3
seguem,3
segura,3
finalmente,3
descartar,3
mg,3
talvez,3
procurada,3
incertezas,3
definir,3
postagem,3
genômico,3
crf-pr,3
estadão,3
constatou,3
mostrado,3
maranhão,3
comparar,3
provocam,3
acabar,3
constante,3
clínica,3
vinham,3
vamos,3
vê,3
tendência,3
gisaid,3
produz,3
porta-voz,3
mantenha,3
anteriormente,3
reconhecida,3
piloto,3
chinês,3
desenvolvida,3
planos,3
criado,3
altera,3
consórcio,3
mudam,3
complicações,3
auxiliar,3
moreno,3
grau,3
positividade,3
basta,3
incidência,3
bernardo,3
natureza,3
disse,3
detectável,3
particularmente,3
reduzem,3
novas,3
medeiros,3
esperar,3
vermelha,3
assintomáticos,3
ocupadas,3
leve,3
liderado,3
surtos,3
novidades,3
rusciolelli,3
reconhecem,3
relacionado,3
"2,5",3
vista,3
casal,3
secretarias,3
coordenado,3
plano,3
hospedeiro,3
pondera,3
matemática,3
veio,3
epidemiológica,3
parcela,3
várzea,3
amplamente,3
isto,3
espalhado,3
prestou,3
cuiabá,3
polidoro,3
rondonópolis,3
sinop,3
ruim,3
sorriso,3
primavera,3
ásia,3
*,3
rfi,3
meados,3
chamam,3
post,3
influenza,3
ses-mt,3
funções,3
missão,3
prefeituras,3
representante,3
transmissíveis,3
epidemiologista,3
cáceres,3
chineses,3
manteve,3
equivalente,3
municipais,3
atua,3
avaliadas,3
atendimento,3
lacen-mt,3
restam,3
exposto,3
ameaça,3
permitir,3
bh,3
selvagem,3
santuário,3
juízes,3
desembargadores,3
específicos,3
judiciais,3
legendas,3
barbosa,3
pressionar,3
discussão,3
online,3
determinar,3
colaboração,3
estaria,3
jamais,3
liberados,3
facilidade,3
delatores,3
socorro,3
formada,3
rebanho,3
operações,3
trabalhando,3
assuntos,3
fechadas,3
adultos,3
fischer,3
algodão,3
comprovadamente,3
ângelo,3
senador,3
regras,3
matéria,3
reprodução,3
acontecem,3
ex-presidente,3
patógenos,3
magistrada,3
artificial,3
compartilha,3
guerra,3
ferro,3
estrada,3
infelizmente,3
provas,3
cargo,3
alternativa,3
analisa,3
terras,3
morrer,3
sc,3
crimes,3
histórico,3
provocar,3
todo,3
operários,3
ouça,3
gerou,3
mega-sena,3
século,3
vazamento,3
'fake,3
integrante,3
reportagens,3
destinados,3
sequenciados,3
biológicas,3
pedidos,3
arejar,3
fabricantes,3
coleta,3
ato,3
vitro,3
mostraram,3
indo,3
pares,3
posições,3
co2,3
indicou,3
notificados,3
mínima,3
huanan,3
trouxe,3
santos,3
passam,3
referência,3
aprovou,3
detectar,3
começar,3
conclui,3
viu,3
postagens,3
áudio,3
formar,3
n501y,3
contaminar,3
aplicar,3
rousseff,3
apreensão,3
este,3
restrições,3
itapetininga,3
autorizou,3
registradas,3
suspeito,3
pellanda,3
epidemiologia,3
superar,3
vivo,3
espanhol,3
coordenação,3
bairro,3
metro,3
criou,3
judiciário,3
m,3
ligado,3
regra,3
cara,3
aglomerações,3
trabalhava,3
of,3
acaba,3
antigas,3
respira,3
reserva,3
fragmentos,3
8h,3
receptor,3
comida,3
delegado,3
guaxupé,3
ética,3
caminho,3
queiroga,3
jeito,3
desconhecido,3
criação,3
pernambucanos,3
lua,3
achados,3
karla,3
tributária,3
inibir,3
obstrução,3
rondônia,3
contas,3
icms,3
firjan,3
boa,3
magda,3
impede,3
prêmio,3
web,3
heladio,3
antivirais,3
duterte,3
dom,3
orlando,3
página,3
confirmado,3
carrefour,3
pertence,3
discursos,3
usava,3
informativa,3
aliados,3
dormir,3
fármacos,3
reformas,3
darcy,3
jbs,3
estresse,3
angra,3
espinho,3
falha,3
assessoria,3
passaporte,3
conep,3
vieira,3
conhecimento,3
conduta,3
testados,3
ontem,3
urbana,3
meios,3
p.4,3
acelerador,3
spu,3
pinheiro,3
territórios,3
tributos,3
vilhena,3
educação,3
israel,3
descansa,3
relaxa,3
pegasse,3
biofísica,3
dorme,3
bispo,3
déficit,3
debate,3
exame,3
gastos,3
nuvem,3
aplicou,3
ideias,3
sódio,3
fechamento,3
teoria,2
ajudaram,2
decorrentes,2
empréstimo,2
advogado,2
colchicina,2
ghebreyesus,2
influenciou,2
bandidos,2
exemplifica,2
coquetel,2
indireta,2
júnior,2
recebo,2
dental,2
427.164,2
trilhões,2
fundo,2
vota,2
requerimentos,2
bulas,2
tratá-la,2
acrescentou,2
"5,7",2
farmacovigilância,2
chegando,2
empreiteira,2
determinante,2
teixeira,2
totalizando,2
reconhecimento,2
capitã,2
1ª,2
pais,2
revisada,2
ganhar,2
maturino,2
ativos,2
diretora,2
mortas,2
aécio,2
óbvio,2
concepção,2
asilos,2
comprovado,2
mers,2
luto,2
jaú,2
carajás,2
biomédica,2
brinquedo,2
milagrosas,2
sbi,2
pôr,2
conjunta,2
sinovac,2
relevantes,2
hamburgo,2
convocar,2
blog,2
sávio,2
dependendo,2
colocado,2
suspensos,2
execução,2
agressão,2
ex-prefeitos,2
quilombolas,2
adhanom,2
agenda,2
leonardo,2
primeiramente,2
indicam,2
existente,2
indígenas,2
cônsul,2
duplicação,2
426.882,2
justo,2
bióloga,2
investigadores,2
levemente,2
conferir,2
progressiva,2
relativamente,2
suécia,2
método,2
almeria,2
vasco,2
ufrgs,2
iniciar,2
dificuldades,2
encapuzados,2
bilhão,2
dimier-poisson,2
propagar,2
madura,2
frisa,2
exibido,2
delegacia,2
adulta,2
quis,2
mu,2
perda,2
preparada,2
modificações,2
vingança,2
podcast,2
dono,2
herpes,2
pediu,2
mpro,2
ridge,2
surgirem,2
replicar,2
luíz,2
predominância,2
sarturi,2
orientou,2
injeções,2
hospitalizações,2
sequenciado,2
respiratória,2
aguda,2
acreditava,2
escova,2
enviada,2
diretório,2
n95/pff2,2
acontecendo,2
aumentam,2
privados,2
espalham,2
indícios,2
ligar,2
maple,2
banerjee,2
ias,2
tolerabilidade,2
ingressar,2
diretor-geral,2
ventilado,2
absurdo,2
externos,2
úteis,2
acreditam,2
marabá,2
acompanhadas,2
selvagens,2
resistência,2
tedros,2
obras,2
tampouco,2
intensivos,2
destacar,2
massacre,2
sempre,2
tobogã,2
construindo,2
criminoso,2
pênis,2
ses-am,2
higienizar,2
contabiliza,2
vulneráveis,2
baiana,2
aumentaria,2
neves,2
idêntica,2
descarta,2
dente,2
funcionar,2
atinge,2
agir,2
suposto,2
acredita,2
obteve,2
legal,2
engenharia,2
funcione,2
tentava,2
menciona,2
implicações,2
americanos,2
1º,2
trabalhado,2
observatório,2
biólogo,2
penal,2
vivos,2
correlação,2
desvios,2
investigar,2
estuda,2
north,2
poliproteina,2
buzz,2
institucionais,2
faroeste,2
respectivas,2
biomédico,2
iria,2
utilizava,2
odontologia,2
visão,2
coopagro,2
participação,2
porção,2
br,2
esperado,2
torno,2
lançou,2
estabeleceu,2
comitê,2
mão,2
alimentação,2
virada,2
apoiar,2
consegue,2
começado,2
militares,2
captar,2
hipóteses,2
journal,2
camadas,2
começam,2
conversar,2
jama,2
inflamatórios,2
malhas,2
valer,2
narrativa,2
marcelo,2
vermont,2
parecida,2
problemático,2
engenheiro,2
formulação,2
biológica,2
drogas,2
tomando,2
levava,2
carvalho,2
ufrj,2
autorização,2
prefeitos,2
sônia,2
virologia,2
utilizou,2
gabriela,2
mantendo,2
parecia,2
cópias,2
cocaína,2
produtores,2
óxi,2
contagem,2
patenteada,2
tj-ba,2
obtida,2
confirma,2
apreendidos,2
esclareceu,2
discutiu,2
alterar,2
fisiopatologia,2
comentarista,2
gotas,2
acreditando,2
coação,2
instrumento,2
vasconcelos,2
coágulos,2
flores,2
hesitação,2
transportadas,2
prévias,2
comunista,2
estarem,2
morrendo,2
estudar,2
compartilhadas,2
autores,2
dobro,2
martin,2
hollywood,2
brinquedos,2
porém,2
completou,2
aziz,2
terreno,2
comirnaty,2
anular,2
associar,2
ilegal,2
denúncias,2
residência,2
saía,2
parque,2
diarreia,2
operadores,2
filha,2
suposta,2
superlua,2
habeas,2
corpus,2
ajusta,2
nuca,2
eventuais,2
desembargador,2
comparações,2
opinião,2
respectivamente,2
dura,2
analisadas,2
considerados,2
colaborações,2
comprar,2
contradições,2
fábio,2
certi,2
irresponsável,2
"4,3",2
isabelle,2
colocados,2
hidróxido,2
chamamos,2
escapar,2
preocupado,2
bateu,2
era,2
bloco,2
prata,2
absoluta,2
contudo,2
raro,2
diferentemente,2
levando,2
miocardite,2
veículo,2
expectativa,2
franceses,2
demonstrado,2
almeida,2
passaria,2
clima,2
grossa,2
renda,2
encontra,2
cumprimento,2
ordens,2
recebia,2
psicológicos,2
reintegração,2
enfrentar,2
uso,2
16h,2
planejado,2
estimar,2
discussões,2
decidiu,2
ph,2
idiomas,2
impostas,2
liminar,2
inativado,2
padrão,2
salto,2
supermercados,2
quilômetros,2
dentes,2
permita,2
parceiros,2
isqueiro,2
localizada,2
estando,2
silêncio,2
dizia,2
saindo,2
dificilmente,2
setor,2
resolver,2
acontecido,2
moraes,2
vetores,2
transparência,2
altura,2
dra,2
espalhassem,2
botucatu,2
mestrado,2
cpg,2
keersmaecker,2
metros,2
definido,2
aérea,2
estimulado,2
fornecem,2
bolsas,2
nitazoxanida,2
agravado,2
rico,2
reiss-anderson,2
atuou,2
mg.,2
suspensas,2
possamos,2
noticiado,2
branco,2
preveem,2
bombado,2
chama,2
sobretudo,2
formalmente,2
previne,2
perigosa,2
médicas,2
cabo,2
conduzidos,2
aspectos,2
zap,2
duvidosas,2
fiquem,2
diâmetro,2
alunos,2
influenciadores,2
sustentar,2
cortes,2
soro,2
vitamina,2
definitivo,2
supor,2
hesitam,2
etárias,2
testado,2
faixas,2
códigos,2
nosso,2
bolsonarista,2
cobertura,2
consenso,2
ignorantes,2
postura,2
ufpr,2
grafeno-carnosina,2
viajou,2
sinais,2
lembrar,2
tragédia,2
auxílio,2
penso,2
descartado,2
tendências,2
daí,2
york,2
liberadas,2
psicológicas,2
mexer,2
parcerias,2
instalar,2
raciocínio,2
experimentais,2
provocado,2
daxiang,2
universidades,2
stf,2
ficamos,2
demanda,2
fator,2
aplicações,2
jersey,2
percebemos,2
hospitalar,2
cui,2
cidadão,2
"2,7",2
força,2
ajudou,2
ditadura,2
buscam,2
declara,2
assistente,2
20h,2
fontes,2
urgente,2
concurso,2
abrir,2
vacinável,2
acúmulo,2
vantagem,2
profissão,2
igual,2
implantadas,2
masculina,2
estima,2
infecta,2
alemã,2
estatais,2
ocupados,2
multiplicar,2
gravação,2
manejo,2
declarado,2
ativa,2
expor,2
genital,2
gravadas,2
escape,2
infeccioso,2
equipamentos,2
crescente,2
acha,2
enfrenta,2
lutar,2
seguros,2
rápidos,2
fugindo,2
inferior,2
reuters,2
detecta,2
revele,2
aminoácidos,2
trato,2
academia,2
tratava,2
lançado,2
alegando,2
conceito,2
partiu,2
peça,2
piracicaba,2
liberdade,2
biossensores,2
diária,2
reais,2
fáceis,2
facilita,2
primário,2
ramos,2
fiorentin,2
abordar,2
difusão,2
condutor,2
retorno,2
precisas,2
receitas,2
retomada,2
revela,2
diálogo,2
conferência,2
toxoplasmose,2
mdb,2
econômico,2
queremos,2
sequela,2
driblar,2
apontado,2
london,2
college,2
fogo,2
barreira,2
acompanhamento,2
direitos,2
imperial,2
virgílio,2
hipotética,2
ighi,2
coordenada,2
ministra,2
inovação,2
visa,2
economia,2
escolha,2
assistir,2
estabelecimento,2
recombinantes,2
outras,2
magnetizada,2
valores,2
idêntico,2
rômulo,2
almoço,2
voltar,2
indiscriminado,2
apareceu,2
pr,2
isolante,2
severas,2
distantes,2
repórter,2
dificuldade,2
icmbio,2
adequado,2
bem-sucedida,2
classificadas,2
fique,2
detalhada,2
tóxicas,2
ricardo,2
filie,2
certos,2
transferido,2
ambiental,2
compostas,2
biodegradáveis,2
prefeito,2
planeta,2
doutorando,2
analisando,2
caratinga,2
cai,2
apuração,2
indispensável,2
consistentes,2
força-tarefa,2
inativadas,2
desenvolve,2
envolver,2
claudia,2
checado,2
rapidez,2
grosseiro,2
psl-sp,2
promove,2
dedicada,2
demitir,2
multa,2
sinopharm,2
citadas,2
denota,2
adotar,2
frequentes,2
policiais,2
difíceis,2
revelar,2
incluímos,2
aspecto,2
governantes,2
recomendar,2
dengue,2
comprovam,2
logística,2
pronunciar,2
transmitido,2
estudado,2
sérios,2
inalar,2
apropriadas,2
produzidos,2
dumont,2
espirra,2
gráficos,2
jornais,2
entendo,2
motivado,2
venha,2
sarah,2
usamos,2
ajudado,2
farmácias,2
regulador,2
vieses,2
caruaru,2
faculdade,2
superlaboratório,2
particular,2
trauma,2
relevância,2
lançar,2
ligação,2
nassau,2
19h,2
suíça,2
corrida,2
sudoeste,2
cognitivos,2
society,2
fmusp,2
tecidos,2
indevido,2
acessar,2
democracia,2
suporte,2
international,2
artista,2
organismos,2
reitera,2
realizadas,2
destinadas,2
está,2
cooperação,2
km,2
coletivo,2
esperança,2
comércio,2
biomédicas,2
johnson,2
lunar,2
5g,2
institucional,2
orienta,2
ema,2
sombra,2
satélite,2
sessão,2
correntes,2
entidades,2
limite,2
chegado,2
programas,2
surgiram,2
fígado,2
perdidas,2
percepções,2
votos,2
extrair,2
complacência,2
inédita,2
econômicas,2
executivo,2
cadeias,2
futuramente,2
fruto,2
terceiros,2
inflamatório,2
animal,2
curas,2
possibilidades,2
contabilizados,2
reconhecendo,2
intenso,2
inativados,2
disputa,2
especial,2
irá,2
exclusivamente,2
contagiosa,2
normais,2
mauro,2
derrubar,2
originária,2
acumular,2
duradoura,2
coletados,2
edição,2
sabendo,2
prédios,2
expostos,2
absoluto,2
usaram,2
caráter,2
roberto,2
zambon,2
energia,2
fvs-am,2
instruções,2
nelas,2
relacionada,2
isolados,2
quadros,2
varia,2
dificulta,2
lavar,2
contribuem,2
constituição,2
disponibilidade,2
checada,2
ligue,2
circulava,2
notificou,2
potentes,2
viagens,2
demonstrou,2
acelerado,2
descobertas,2
aberturas,2
escolhas,2
levam,2
imprescindível,2
planejamento,2
protegida,2
microbiana,2
nomenclatura,2
7.031,2
urnas,2
dita,2
alguns,2
ligarão,2
coletado,2
mídia,2
biossegurança,2
morrem,2
exclusão,2
consultado,2
cor,2
botão,2
origens,2
mostrar,2
pneumologista,2
alimentar,2
fred,2
administra,2
aparelho,2
declarar,2
mitos,2
tivemos,2
concluíram,2
desaceleração,2
antimalárico,2
lei,2
intervenção,2
vara,2
saudável,2
laterais,2
rosas,2
praça,2
cura,2
observada,2
complementa,2
diminui,2
disquetes,2
negatividade,2
otimismo,2
assinatura,2
mogi,2
mirim,2
vítimas.no,2
contabilizou,2
dispersem,2
time,2
velocidade,2
causal,2
chão,2
humana,2
amava,2
pré-candidato,2
luís,2
horário,2
espero,2
estará,2
usuário,2
sangue,2
crenças,2
hábito,2
registrada,2
justificar,2
contaminações,2
representantes,2
apontam,2
tornam,2
haviam,2
confirmadas,2
atendeu,2
arquivo,2
deputados,2
quantas,2
parcial,2
provocou,2
aceita,2
fazervacinômetro,2
disseminado,2
diagnósticos,2
equipes,2
preocupa,2
henrique,2
"3,6",2
devidamente,2
distorcidas,2
dilma,2
cabelo,2
liderada,2
doméstico,2
inserções,2
moderada,2
biotechnology,2
mandetta,2
conseguiram,2
industrial,2
ocorra,2
equivale,2
dormiu,2
manifesta,2
apresentaram,2
categoria,2
criados,2
organizadores,2
noll,2
demorou,2
cafés,2
abra,2
replicando,2
ac,2
bois'polícia,2
físicas,2
infectada,2
expele,2
quantificação,2
passos,2
'operação,2
fisiológica,2
bois,2
t,2
evasão,2
interação,2
iniciou,2
aires,2
davos,2
hipotonia,2
bloqueados,2
acréscimo,2
exigiam,2
compõem,2
manifestantes,2
buenos,2
ribeirão,2
sentir,2
distribuiu,2
inscrições,2
portal,2
judicial,2
"1,6",2
nasceram,2
haddad,2
negar,2
apresentado,2
gratuita,2
pernas,2
dívidas,2
amostragem,2
ribossomo,2
explicado,2
promover,2
renan,2
latino-americana,2
diretrizes,2
receba,2
distante,2
idoso,2
calheiros,2
erbakan,2
fatih,2
mdb-al,2
turco,2
excesso,2
disponibilizados,2
achada,2
restante,2
funcionário,2
dormindo,2
adequada,2
mundiais,2
acabou,2
alertou,2
checar,2
sai,2
lorenzi,2
recebidas,2
x,2
interessados,2
petrópolis,2
rj,2
fabricar,2
observacional,2
fronteira,2
sms,2
conseguimos,2
textos,2
entregues,2
minuto,2
anunciados,2
psl,2
correção,2
gasolina,2
que,2
labimol,2
dourados,2
autorizadas,2
huck,2
institute,2
mark,2
duração,2
negacionistas,2
palmeiras,2
ficado,2
circo,2
acompanhados,2
macacos,2
mexerica,2
guia,2
faziam,2
periódico,2
marido,2
comando,2
desenvolveram,2
invés,2
mentirosas,2
patrimônio,2
fortalecer,2
n501,2
e484,2
posterior,2
imdevimab,2
completaram,2
harvard,2
brasiliense,2
vivendo,2
reduzido,2
balada,2
imagina,2
analisados,2
melhorar,2
alternativas,2
previamente,2
assinar,2
convencer,2
codifica,2
amamentação,2
dois,2
similar,2
achar,2
instagram,2
consequentemente,2
autorizado,2
serviu,2
reuniram,2
marconi,2
retirar,2
linhas,2
jardim,2
minimizar,2
residem,2
aprova,2
conspiração,2
juiz,2
opções,2
comer,2
expelir,2
menção,2
beta,2
nossos,2
anunciaram,2
científicas,2
cnpem,2
pré-clínicos,2
artistas,2
estatística,2
estamos,2
influencers,2
alfa,2
moleculares,2
iguais,2
flutuando,2
pesquisadoras,2
orelha,2
corrupção,2
gaúcha,2
movimento,2
encaminha,2
incômodos,2
direta,2
bélgica,2
no,2
propaganda,2
improvável,2
indústria,2
candidatura,2
quantidades,2
rigor,2
falas,2
areia,2
tempestade,2
experimentos,2
esgotamento,2
cobrindo,2
lojas,2
confiantes,2
funcionam,2
errado,2
atentos,2
sanitárias,2
sofrido,2
seleção,2
elétrons,2
domésticas,2
adoção,2
greve,2
comprova,2
pcr,2
exterior,2
descontrole,2
precisão,2
ofício,2
repete,2
404.835,2
ensaio,2
nesses,2
curados,2
sentem,2
elementos,2
terça,2
bloqueios,2
consiste,2
caixões,2
enterrados,2
avaliará,2
denominado,2
invisível,2
alimentos,2
nguyen,2
atingiram,2
fórmulas,2
incluído,2
mantida,2
aplicando,2
testando,2
atestar,2
replicante,2
sorológicos,2
domiciliar,2
década,2
pneumonia,2
reagindo,2
autoriza,2
motivos,2
conhecer,2
florianópolis,2
minuta,2
fortaleza,2
voltou,2
enfim,2
trânsito,2
carros,2
carreta,2
mínimo,2
complicação,2
níveis,2
preferência,2
testa,2
gratuito,2
propostas,2
/,2
disseminar,2
proibida,2
explicação,2
ronco,2
elevatória,2
preferiu,2
escalas,2
prejuízo,2
américo,2
teor,2
esgoto,2
exigem,2
bebê,2
átomos,2
infectando,2
descobriu,2
12.500,2
desafio,2
balanço,2
raiva,2
desabastecimento,2
georreferenciado,2
embasaram,2
fórmula,2
surgindo,2
específica,2
registram,2
nasceu,2
pecuarista,2
cotonete,2
sofreu,2
telefone,2
roncar,2
divulgar,2
analisado,2
federação,2
situações,2
ineficaz,2
deram,2
atualização,2
moura,2
adotado,2
defendeu,2
parâmetro,2
tomada,2
pudesse,2
religioso,2
exigir,2
parecidos,2
eli,2
integrado,2
finame,2
senhora,2
bolsonaristas,2
nacionais,2
aquisição,2
reduz,2
tentador,2
salvando,2
sousa,2
permitida,2
armamento,2
entes,2
múltiplas,2
branda,2
permaneceu,2
empréstimos,2
validar,2
paga,2
interromper,2
chip,2
godoy,2
armada,2
testaram,2
parente,2
financeiro,2
audiências,2
custódia,2
communications,2
aplica,2
carolina,2
observados,2
etária,2
faixa,2
rotina,2
crescimento,2
trabalhou,2
percentuais,2
procedimento,2
defender,2
egito,2
londrina,2
clérigo,2
proteases,2
denise,2
garrett,2
atuar,2
adquirir,2
financiado,2
vitória,2
recorrentes,2
descrito,2
seminário,2
rogen,2
acompanhou,2
seth,2
descoberto,2
crítica,2
páginas,2
hesita,2
maturação,2
saudade,2
analisou,2
comorbidades,2
comunidades,2
msd,2
nomeado,2
joinville,2
limites,2
estupidez,2
investigadas,2
químicos,2
cuidar,2
salário,2
solicitado,2
itesc,2
dispor,2
similaridade,2
chá,2
colapso,2
dinâmica,2
decreto,2
alterações,2
latina,2
limão,2
consultar,2
suficientes,2
doação,2
potente,2
irrd,2
processados,2
presas,2
desconhecidas,2
albuquerque,2
quina,2
ajustar,2
manifestação,2
desproteção,2
solidariedade,2
faltou,2
niaid,2
senhor,2
myotis,2
sogros,2
'ah,2
sequenciadas,2
'então,2
lembrou,2
foco,2
patriota,2
lave,2
atrasados,2
complexa,2
vencida,2
superespalhadores,2
passagem,2
frentes,1
bibliográfica,1
viveram,1
validados,1
inseto,1
gates,1
sugira,1
revistas,1
interessantes,1
melinda,1
solicitem,1
optar,1
traças,1
enviar,1
idosa,1
idênticas,1
uberlândiavacina,1
inadmissível,1
divulgaram,1
sars-cov-1,1
extraíram,1
baseou-se,1
1.011,1
originais,1
congelaram,1
inexistência,1
44.782,1
insetos,1
sofrem,1
ditador,1
negam,1
pressionou,1
ressaltar,1
começarem,1
seco,1
expressar,1
ferdinand,1
arábia,1
bill,1
lutando,1
separou-os,1
bharat,1
43.343,1
rnabutanvac,1
1.142,1
paola,1
suspender,1
pronto-socorro,1
anossanofi,1
clara,1
minoprio,1
acoplado,1
causalidade,1
pedaços,1
enviam,1
medrxiv,1
10.149.690,1
traseira,1
parasitária,1
fertilidade,1
cardíacas,1
estou,1
diminuída,1
arcanjo,1
escovar,1
invasor,1
procure,1
helicóptero,1
impedindo,1
à,1
enganosa,1
lataria,1
facilitar,1
3.007.388,1
julio,1
croda,1
margareth,1
dalcolmo,1
encapsulados,1
construa,1
mg-10,1
severa,1
4.943.347,1
concluído,1
vestimenta,1
vasos,1
polos,1
vespasiano,1
indicada,1
inteiramente,1
distribuídos,1
ferragens,1
afirme,1
rafael,1
distorcida,1
xxiii,1
reconhecê-lo,1
consecutivos,1
originado,1
entram,1
aderido,1
parou,1
dosagens,1
acostamento,1
suspenso,1
interinos,1
passageiros,1
638.106,1
jim,1
collins,1
ferimentos,1
escovação,1
ridgeback,1
"2,71",1
bloqueiam,1
moderado,1
socorrida,1
mecânicos,1
faculty,1
dirigia,1
resto,1
substancialmetne,1
reservada,1
core,1
biotherapeutics,1
gengiva,1
orgulhoso,1
orientada,1
profilaxia,1
pós-exposição,1
preconizada,1
pep,1
funcionando,1
soluções,1
sanguínea,1
conclusivo,1
886.867,1
aplicáveis,1
testou,1
aparição,1
854.800,1
intranasal,1
mineira,1
23.965,1
senado,1
tours,1
epítopo,1
corrente,1
meio,1
exigidos,1
atestados,1
populares,1
quaisquer,1
seguir,1
decidam,1
"59,4",1
lançamento,1
atingida,1
semanal,1
suprarrenais,1
parecendo,1
concebeu,1
lupa,1
pib,1
chequeado,1
10º,1
14º,1
engrenar,1
cotovelo,1
ocupaçãouti,1
virar,1
pico,1
"46,2",1
circuitos,1
propícios,1
teórica,1
"7,4",1
ofícios,1
excessiva,1
dobradura,1
revogação,1
observador,1
minúsculos,1
expressivo,1
2021veja,1
comentários,1
biotech,1
vantagens,1
80.097,1
unânimes,1
acelerou,1
permitindo,1
roubei,1
4.607,1
ovários,1
mecanicamente,1
apostado,1
desmente,1
encaminhou,1
sintetizar,1
india,1
ativadas,1
stefan,1
"55,55",1
pedindo,1
mutar,1
today,1
agudo,1
incentive,1
biosensores,1
funcionado,1
multicêntrico,1
rins,1
feridos,1
pedaço,1
antirretrovirais,1
decidimos,1
preocuparam,1
revisões,1
espinhal,1
façamos,1
estimada,1
tirados,1
segunda,1
pressionaram,1
ocorrerá,1
simultânea,1
mentem,1
alarde,1
rodovia,1
spray,1
mantenhamos,1
concentraram,1
desnaturadas,1
claramente,1
substituir,1
controles,1
dispositivos,1
medicamentoso,1
condenáveis,1
baixou,1
imagine,1
caindo,1
glândulas,1
listar,1
prioritária,1
expressiva,1
óssea,1
acompanhando,1
seguranças,1
complexas,1
desnaturada,1
baço,1
conformação,1
pré-pandemia,1
otimização,1
portadoras,1
buscavam,1
especializado,1
ocasiões,1
amamentem,1
anticorpo,1
amamentarem,1
ficaram,1
desenvolva,1
infectam,1
saudita,1
lembrete,1
incorporação,1
inoculadas,1
complementam,1
adiante,1
reforçando,1
conitec,1
beira,1
fardado,1
abrange,1
verificado,1
aconselhamento,1
regulamentar,1
fabrico,1
disponibilização,1
dialogar,1
negócios,1
administrar,1
queridos,1
desmentido,1
crivo,1
comunicar,1
dependem,1
perdemos,1
concorrência,1
existido,1
interrupção,1
profunda,1
metodologia,1
preexistentes,1
testam,1
viralizando,1
dizer,1
roubou,1
matou,1
enfrentado,1
latino-americanos,1
'você,1
pergunta,1
informativo,1
contradisse,1
liberar,1
policial,1
wpp,1
benefício-risco,1
inacreditável…,1
representou,1
previstos,1
prevalência,1
relatou,1
tornando-se,1
querido,1
duramente,1
visualizações,1
influenciado,1
informaram,1
ambientais,1
garante,1
lopinavir/ritonavir,1
plasma,1
acumulando,1
revisam,1
instabilidade,1
escondido,1
porta,1
antivacinas,1
consultores,1
suscetíveis,1
violentas,1
publicava,1
decretasse,1
desculpou,1
dentistas,1
surgem,1
engane,1
honra,1
alvos,1
entrava,1
mencionadas,1
estabilizado,1
contados,1
pagamentos,1
ficarão,1
divide,1
fazê-las,1
messenger,1
50ª,1
rigorosos,1
avançada,1
movimentos,1
conselheiros,1
malefícios,1
casirivimabe,1
terrível,1
fenotípicas,1
reanalisam,1
carrega,1
prendeu,1
centrada,1
convalescente,1
sentimentos,1
profundos,1
famosas,1
passarem,1
reconhecidos,1
avaliando,1
reuniões,1
extorquir,1
equador,1
passamos,1
repitam,1
+,1
administrariam,1
tristeza,1
justifiquem,1
substanciais,1
falaciosas,1
acessando,1
audiência,1
fb,1
liberado,1
plantada,1
leis,1
mídias,1
ganha,1
perde,1
comprovem,1
inoculação,1
imunitário,1
temerária,1
jornalística,1
concretas,1
lilly,1
kit,1
'viralizam,1
virtualmente,1
intestinais,1
microchips,1
quiser,1
bamlanivimab,1
etesevimab,1
distribui,1
lillycombinação,1
anedóticos,1
casirivimab,1
contestado,1
regeneron,1
devidas,1
relatada,1
constituídas,1
causas,1
delineados,1
observacionais,1
ajudem,1
inteligência,1
superintendência,1
joe,1
colocando,1
mudarão,1
rastrear,1
paralelamente,1
parada,1
cardíaca,1
significativo,1
espantada,1
vitoria,1
concluída,1
contínua,1
covid-19o,1
infetadas,1
imunossupressor,1
martins,1
baricitinib,1
moderadas,1
regulamenta,1
custodiados,1
traga,1
insegurança,1
limitadas,1
limitações,1
"2,6",1
veteranos,1
ouro,1
rastreem,1
celltrionsotrovimab,1
edifícios,1
interno,1
avisem,1
randomizados,1
externo,1
placebo,1
me,1
detalha,1
processado,1
glaxosmithkline,1
estabelecida,1
postar,1
identificaram,1
vir,1
inc,1
pablo,1
controlados,1
havíamos,1
indiquem,1
comunicabilidade,1
impeça,1
norma,1
emergente,1
nojeira,1
vasta,1
sobrecarregados,1
ltdregdanivimab,1
roche,1
resolvidas,1
petry,1
segundas,1
legalista,1
"0,001",1
exército,1
px,1
ultimamente,1
exibida,1
bmj,1
pharmaceuticals,1
traduz,1
conectsus,1
moderados,1
analisam,1
hoffman-la,1
custodiado,1
inc.,1
f.,1
2.628/21,1
província,1
fortemente,1
avançando,1
csm,1
varinte,1
provimento,1
9.998/21,1
minnesota,1
intimidade,1
habitanteargentina,1
provocavam,1
protetores,1
grávidas,1
542.200,1
braço,1
primatas,1
gestantes,1
mamíferos,1
integram,1
5gé,1
amplificada,1
2/3,1
desenhado,1
monitorada,1
randomizado,1
aves,1
24ª,1
34ª,1
gestação,1
alemães,1
acaso,1
imunogenicidade,1
aconteçam,1
reconheçam,1
prontamente,1
intervalo,1
retirada,1
erroneamente,1
transferência,1
13.875,1
conhecidos,1
2.139,1
112.435,1
14.751,1
15.679,1
legislação,1
17.774,1
18.340,1
pertinente,1
26.124,1
resultante,1
38.123,1
39.394,1
pertencente,1
terceiras,1
garantido,1
constantemente,1
betacoronavírus,1
desaconselha,1
mostradas,1
"27,44",1
patogênese,1
anomalias,1
fetais,1
seguidos,1
definição,1
525.553,1
desmonta,1
bloqueando,1
mencionam,1
absurda,1
comunicada,1
constantes,1
recomendados,1
vitale,1
ficção,1
30.470,1
lívia,1
inidôneo,1
dará,1
receitar,1
desprovido,1
coagulação,1
reconheça,1
comorbidade,1
gere,1
magistrado,1
equivalem,1
"0,6",1
1750amostras,1
setores,1
econômicos,1
ouviram,1
igg,1
realizaram,1
neutralizado,1
hipertenso,1
29.800,1
cardiopata,1
liga,1
elevando,1
inverídicos,1
alterou,1
milton,1
recém-nascidos,1
destrói,1
dna/rna,1
sozinha,1
acontecerem,1
retirada.,1
tabatinga,1
cansaço,1
morador,1
indicação,1
mpmg,1
microorganismos,1
biagioni,1
indício,1
furquim,1
inalterado,1
relembrou,1
necessários,1
negativo,1
ventiladores,1
farsa,1
iniciando,1
protetora,1
alinha,1
heab,1
imediatamente,1
11.885,1
10.594,1
escolhiam,1
wilson,1
medicine,1
implantação,1
ideológica,1
c.37,1
texo,1
influenciador,1
n-cov,1
inca,1
desaconselhou,1
uruguaiana,1
emitir,1
cruzaram,1
conceitos,1
biológicos,1
descritos,1
rabo,1
afirmando,1
equivocada,1
consulte,1
legitimar,1
aprimoradas,1
bem-estar,1
predizendo,1
parcialmente,1
processou,1
cientista-chefe,1
tjmg,1
andina,1
considerada,1
extorsão,1
leles,1
sensíveis,1
ceo,1
aquisitivo,1
hamsters,1
semente,1
publicar,1
ganhavam,1
revisa,1
governosperu,1
aleatoriamente,1
criadas,1
delegada,1
elite,1
embo,1
pucrs,1
diretor-executivo,1
investigada,1
ocupacional,1
infectocontagiosas,1
preditivo,1
excluídos,1
mudar,1
começamos,1
respondem,1
calúnia,1
difamação,1
facilmente,1
benevides,1
microbiológico,1
suprimir,1
simon,1
stone,1
dispersão,1
permanência,1
cirurgiã,1
identificação,1
vascular,1
especialização,1
lobisomem,1
compete,1
hipertricose,1
reaplicação,1
inaugura,1
indústrias,1
superá-la,1
br-mcti,1
corona-ômica,1
tirada,1
mito,1
desmascarou,1
gêmeos,1
siameses,1
afiliada,1
tronco,1
eptv,1
individuais,1
regulatórios,1
library,1
photo,1
atestado,1
monitorar,1
ivermectinaé,1
fidalgo,1
antonio,1
senai,1
proibidas,1
curada,1
antibióticos,1
prescritos,1
trabalhos,1
pesquisador-chefe,1
rabinho,1
aferir,1
informar,1
manipulada,1
conseguiremos,1
aviso,1
manipulação,1
aconselhável,1
imunizações,1
conceitual,1
detalhado,1
emitida,1
'bebê,1
cauda,1
assinou,1
digitalmente,1
encontramos,1
induz,1
assassinados,1
sensível,1
respiratório,1
encobrir,1
—um,1
inspecione,1
críticos,1
10.318.170,1
atualizadas,1
disseram,1
excluídas,1
feito,1
processada,1
sra,1
4.951.728,1
archive,1
read,1
sequence,1
submetidas,1
3.039.106,1
estigmatizantes,1
perseguição,1
rótulos,1
dano,1
sofre,1
grego,1
diretora-executiva,1
fundadora,1
alfabeto,1
ex-diretora,1
extensivamente,1
detectadas,1
venceu,1
856.351,1
classificação,1
abundância,1
preocupada,1
secreções,1
639.395,1
acelerar,1
compartilhou,1
muratov,1
sergey,1
sequenciou,1
paz,1
curiosidade,1
manila,1
sobrinha,1
sabino,1
ester,1
golpe,1
planeja,1
pertencer,1
tia,1
acusou,1
curta,1
tropical,1
times,1
multiplica,1
espalhou,1
convocado,1
sueca,1
progenitora,1
rastreamento,1
peixoto,1
jesse,1
09/10local,1
especializada,1
acessado,1
serviçotestagem,1
esporádicas,1
positiva,1
rastreá-las,1
agendamento,1
isolar,1
intoxicar,1
implica,1
periódica,1
mar,1
frutos,1
vinculado,1
usá-los,1
figura,1
pesquisar,1
estimaram,1
rolos,1
exaustivamente,1
estabelece,1
filtragem,1
calendário,1
sars-cov,1
cadisa,1
truzzi,1
11h,1
representativas,1
sendo,1
virou,1
retiradas,1
rappler.com,1
confundido,1
frequente,1
pango,1
deletados,1
nextstrain,1
advogada,1
plataformas,1
vistahorário,1
-2,1
obstáculo,1
recuperou,1
feira,1
10/10local,1
seattle,1
center,1
giselle,1
research,1
cancer,1
12h,1
hutchinson,1
bloom,1
doente,1
lógica,1
junior,1
protegendo,1
segui-lo,1
não-invasiva,1
ancestral,1
configura,1
conservada,1
faça,1
temperatura,1
4º,1
fixou,1
20º,1
inventaram,1
c.,1
pensamos,1
italiano,1
preenchidos,1
aparecer,1
igreja,1
saiu,1
beneficiem,1
zeta,1
batem,1
nós.,1
ora,1
cidadãos,1
rigorosas,1
confiáveis,1
fantasiosa,1
sequenciada,1
programado,1
jogado,1
monitoradas,1
síndromes,1
agudas,1
organizações,1
letais,1
amem,1
infográficos,1
cristãos,1
habilitados,1
encapsuladas,1
amido,1
milho,1
lipídios,1
acessou,1
lago,1
norte-americana,1
perigosas,1
pentecostal,1
recomendava,1
fictícias,1
cambridge,1
imunitária,1
desejada.,1
enganá-los,1
secretos,1
propósitos,1
registraram,1
madrugada,1
desmentir,1
expressão,1
compatíveis,1
finalidade,1
benéfico,1
berit,1
existir,1
exibir,1
continue,1
matemáticas,1
retomar,1
mensageiros,1
portfólio,1
assassina,1
icmc-usp,1
filogenética,1
kalinka,1
sobrevivência,1
1.555,1
castelo,1
natal,1
espécies,1
estarão,1
autoritarismo,1
nomear,1
classificar,1
violência,1
888.422,1
muta,1
23.982,1
compartilhados,1
complementaridade,1
visualizar,1
briga,1
exibição,1
atinja,1
pulmões,1
enganar,1
código-fonte,1
populações,1
envolto,1
qualificar,1
tratá-las,1
gordura,1
inspetor,1
usarem,1
verá,1
rnas,1
assassinatos,1
recurso,1
ampliar,1
navegadores,1
chrome,1
oponentes,1
assediar,1
cuja,1
continuará,1
indicariam,1
irrisória,1
concordam,1
swab,1
colocávamos,1
16.567,1
corpos,1
epicentro,1
rocha,1
jhonatan,1
oederson,1
mestre,1
imunizou,1
procuraram,1
biavatti,1
terminou,1
senn,1
graeml,1
cândido,1
pingos,1
is,1
rádio,1
pan,1
relatórios,1
citou,1
donos,1
aprofundar,1
cozinha,1
street,1
wall,1
desdobrará,1
descrições,1
continha,1
"18,6",1
borges,1
amagildo,1
severo,1
impedirão,1
latrocínio,1
promissoras,1
mataram,1
xi,1
muitíssimo,1
prender,1
apreciação,1
patógeno,1
resultar,1
acredita-se,1
ativação,1
30152620.1.0000.0005,1
alegada,1
doutora,1
escapado,1
contatos,1
propositalmente,1
letícia,1
sintetizado,1
parágrafo,1
acidentes,1
maringá,1
invadiram,1
biociências,1
gomes,1
assassinos,1
tona,1
corumbiara,1
destes,1
gleba,1
internado,1
china.conhecer,1
reafirmou,1
ineficácia,1
cercaram,1
armados,1
velório,1
transparência.no,1
blumenau,1
convalescentes,1
regressar,1
questionamentos,1
poupadas,1
levantem,1
analisamos,1
selvagem.biden,1
infectou,1
purificada,1
escapou,1
gdg,1
nada,1
velho,1
somam,1
ro,1
constatou-se,1
súbita,1
entreguem,1
eventualmente,1
rebateu,1
disseminou,1
negrito,1
besteira,1
ataque,1
onde,1
executados,1
concomitantemente,1
varanda,1
consultor,1
oseltamivir,1
weissmann,1
sozinho,1
pessoinha,1
levantar,1
quero,1
ppt,1
rara,1
autoimune,1
facão,1
arrancado,1
fatal,1
pandemias,1
púrpura,1
trombótica,1
atestam,1
trombocitopênica,1
torturado,1
separada,1
jinping,1
certificado,1
donald,1
periocardite,1
kent,1
sobrevivente,1
abrigaram,1
acessá-los,1
acalma,1
constam,1
palavra,1
imunogênica,1
atearam,1
fazermapa,1
perguntarem,1
montar,1
sepultamento,1
intitulado,1
responda,1
mobilizar,1
9.477,1
defesas,1
sobreviveu,1
aceitas,1
morto,1
adequadas,1
fingiu,1
costas,1
tiro,1
4.279,1
sars,1
13.756,1
queimados,1
recheado,1
encaminhado,1
resistiram,1
contarão,1
15.932,1
divulga,1
conhecimentos,1
boletins,1
epidemiológicos,1
bairros,1
oferecido,1
finais,1
aprofundados,1
disparada,1
agreste,1
gripal,1
consentiam,1
meses,1
moscou,1
seria,1
pathogens,1
plos,1
acessasse,1
pró-inflamatórias,1
quebra,1
senhas,1
crackeando,1
apresentavam,1
localizar,1
idealizou,1
204.530,1
iniciadas,1
perguntaram,1
rechaçou,1
identifica,1
investigou,1
ocultou,1
vídeo,1
relembre,1
definitiva,1
aprovamos,1
assassinar,1
iriam,1
sabiam,1
bucal-periodontia,1
atirarem,1
relatado,1
visitou,1
delegação,1
jorge,1
venâncio,1
inicio,1
transparente,1
recombinante,1
coordenadora,1
oriunda,1
candidatas,1
trump,1
iniciada,1
composta,1
saltado,1
benjamin,1
mencionado,1
"47,88",1
222.634,1
avaliou,1
"52,12",1
iniciado,1
ouvido,1
espalhe,1
poderem,1
ocorrida,1
itacoatiara,1
gabriel,1
constant,1
autorizando,1
coari,1
saskatchewan,1
ligada,1
roubadas,1
fungos,1
armas,1
caminhonete,1
queima-roupa,1
arinjay,1
prgess,1
"0,14",1
associated,1
alterada,1
ultrapassa,1
encomendado,1
inácio,1
bar,1
obstrututivas,1
vias,1
aéreas,1
superiores,1
confraternizar,1
defeito,1
ortodôntico,1
má,1
oclusão,1
desapareceu,1
labtar,1
matando,1
triste,1
fico,1
compartilhado,1
óculos,1
escuros,1
barco,1
saio,1
icta,1
pode,1
indicativo,1
beber,1
desencadeada,1
necessariamente,1
"2,9",1
esperam,1
transportar,1
usavam,1
obstrutiva,1
eventulamente,1
desarticulou,1
apneias,1
influência,1
daniela,1
aconselhou,1
ronca,1
ônibus,1
hipertrofia,1
inevitável,1
amídalas,1
adenoides,1
trivella,1
acordada,1
ninguém,1
lira,1
ex-funcionário,1
poliana,1
71.591,1
ilhas,1
atrasos,1
inalienáveis,1
raios,1
proprietários,1
ocupantes,1
pernambucana,1
autorizados,1
deferir,1
outorga,1
inscrição,1
cristalografia,1
colhe,1
bastão,1
patrimonial,1
siapa,1
amostrais,1
rt-pcr,1
sorologias,1
pré-determinados,1
marinha,1
25.788,1
governança,1
lulinha,1
estudante,1
fármaco,1
cientificamente,1
respaldadas,1
condutas,1
cobrando,1
exigindo,1
comprou,1
participa,1
submetendo,1
demétrius,1
agregadas,1
tranquilo,1
competem,1
membranas,1
eletronegativas,1
pegaram,1
x.,1
classificados,1
montenegro,1
estudados,1
entreaberta,1
1.134.608,1
amarga,1
cofres,1
estimado,1
portes,1
josemar,1
irrigada,1
sólidos,1
consequente,1
fixo,1
endereço,1
umidifica,1
inspirado,1
garganta,1
aquecido,1
arrendamento,1
umidificado,1
procurações,1
fictícia,1
acordar,1
seca,1
transformaram,1
analfabeto,1
resseca,1
flagrante,1
arma,1
faringe,1
monteiro,1
clóvis,1
sefaz,1
operando,1
acreano,1
pecuário,1
salvaguardar,1
preservar,1
resguardar,1
thum,1
relaxamento,1
"4,5",1
erário,1
ressarcimento,1
objetos,1
encostada,1
"6,5",1
alcalinidade,1
luxo,1
bloqueio,1
superpotente,1
ficariam,1
cumpre,1
tributários,1
gecot,1
contra,1
fale,1
lahorgue,1
vice-diretora,1
cérebro,1
fazendeiros,1
inscer,1
neurologia,1
fruta,1
gominhos,1
repouso,1
desdobramentos,1
potência,1
comercial,1
florestal,1
agropecuária,1
ex-servidor,1
rem,1
cadastros,1
distinguir,1
nitrogenado,1
babou,1
procuração,1
nitrogênio,1
créditos,1
orgânica,1
contida,1
negociações,1
raio,1
perceber,1
iniciaram,1
nutrientes,1
dormem,1
comprado,1
bordão,1
transportado,1
mercadoria,1
esquivar,1
comercializava,1
desvirtuando,1
comercialização,1
autorizava,1
baixas,1
respiradora,1
imóvel,1
regularizado,1
tenta,1
questionou,1
marginalizado,1
faraó,1
enfrentou,1
grandíssimo,1
libertou,1
significativamente,1
religião,1
suja,1
desativar,1
recorrente,1
costume,1
chave,1
cristais,1
nossa,1
agradece,1
companheira,1
mestra,1
conselheira,1
consoladora,1
patamar,1
contribuir,1
escravizado,1
inibidoras,1
promete,1
auxiliando,1
troca,1
prioritários,1
"7,9",1
contaminadas,1
altamente,1
saneamento,1
internos,1
básico,1
morais,1
alguma,1
impunidade,1
injusta,1
violenta,1
direita,1
tradicionalismo,1
dragão,1
pantanal,1
amazônia,1
biomas,1
queimadas,1
pudessem,1
participam,1
descritas,1
elton,1
bento,1
enzima,1
designação,1
ligam,1
somos,1
lema,1
escolheu,1
prado,1
identificamos,1
lima,1
ii,1
coordena,1
auto,1
adquire,1
m-pro,1
diocesano,1
3°,1
reitor,1
​​cientistas,1
eclesiástico,1
vice-reitor,1
xvi,1
resquícios,1
batizando,1
transmita,1
raniere,1
oferecer,1
keid,1
nolan,1
lamentou,1
frágil,1
irmãos,1
fraternidade,1
comissionamento,1
lucinewton,1
5º,1
importância,1
tratada,1
andre,1
9h,1
missa,1
persistente,1
posicionou,1
pós-aguda,1
arquidiocese,1
nem,1
espera-se,1
residuais,1
riscoa,1
exige,1
rural,1
lembrando,1
sigilos,1
quebrados,1
armazenamento,1
sistemática,1
bytes,1
giga,1
bolsonarismo,1
elaborados,1
cálculos,1
abriga,1
artigos,1
desastres,1
arrefecido,1
caído,1
concebido,1
curvas,1
habilitar,1
transmitida,1
3.,1
comprometimento,1
diria,1
alertas,1
reflete,1
aprendizado,1
saia,1
viveu,1
guerras,1
aprende,1
dizem,1
esferas,1
resume,1
residencial,1
friboi,1
salvação,1
apresentador,1
poço,1
instalada,1
úmido,1
ete,1
batista,1
irurá,1
angustiado,1
arambientes,1
protege,1
traduzem,1
37.190,1
sar-cov-2,1
nortear,1
saídas,1
isolei,1
vivida,1
plenamente,1
lavagem,1
dividir,1
seguia,1
plpro,1
crescer,1
pararam,1
tanto,1
satisfatórios,1
vazio,1
noticiários,1
cotidiano,1
referida,1
curva,1
expressões,1
iniba,1
alcançou,1
portando,1
inédito,1
extensão,1
transmissãoa,1
29.610,1
sequelasnovas,1
surgir,1
3d,1
19.138,1
limpeza,1
seplag,1
paem,1
voltados,1
avisa,1
38.459,1
maior,1
confirmações,1
acumulam,1
primeira,1
né,1
aprendeu,1
sérias,1
gravíssimos,1
envolve,1
max-iv,1
ranking,1
distribuída,1
ruaboato,1
saírem,1
punição,1
provisória,1
melhorem,1
simulando,1
calorimagem,1
resiste,1
máscaratexto,1
dirigir,1
vinagremensagem,1
personalizadas,1
clicadas,1
tire,1
acessadas,1
checadas,1
de,1
testamos,1
revelaram,1
articulados,1
sanguíneas,1
livro,1
antigo,1
previu,1
clássica,1
preocupadas,1
juliana,1
lidera,1
funcionou,1
morrerão,1
covidmensagem,1
reage,1
alcalinos,1
saúdetexto,1
propagandas,1
pandemiamensagem,1
desmaio,1
dadosmensagem,1
inflar,1
vazios,1
persistirem,1
coronavírusfoto,1
acontecesse,1
causou,1
h1n1,1
magnetismo,1
alzheimer,1
ensp/fiocruz,1
autoimunes,1
tônica,1
legitimavam,1
boi,1
erva-doce,1
ozonioterapia,1
ajudavam,1
quente,1
osvaldo,1
variadas,1
deteriorar,1
versãovacinas,1
destaqueamazonas,1
poderia,1
colapsogabinete,1
apoiou,1
formulador,1
atuava,1
formados,1
ignorei,1
news'marconi,1
vacinasalta,1
açafrão,1
boldo,1
casca,1
finalizando,1
bola,1
inegável,1
enganosos,1
faltaram,1
altos,1
inventados,1
circularam,1
colhidas,1
comprovarem,1
fil,1
artemísia,1
cargos,1
interminável,1
minimizavam,1
melão-de-são-caetano,1
zinco,1
sal,1
enxofre,1
mel,1
podhajcer,1
incômodo,1
galhardi,1
parlamentares,1
fiscalização,1
–mas,1
alívio,1
regulatórias,1
contraposto,1
campanhas,1
incluídos,1
compreende,1
contraposição,1
pega,1
períodos,1
surgiam,1
ginástica,1
worldometer,1
pré-clínico,1
colateral,1
notado,1
planejam,1
artefato,1
aterradora,1
amplificar,1
matam,1
294.092,1
386.528,1
criando,1
torne,1
consertar,1
recapitula,1
azar,1
palpável,1
protótipos,1
aventada,1
tese,1
catapora,1
ponderada,1
resistente,1
1.131,1
cause,1
estável,1
adenovírus,1
1.818,1
inúmeros,1
introduzir,1
beneficiar,1
1.487,1
oncologia,1
importada,1
notificar,1
monitorado,1
definiram,1
azd1222,1
efetivamente,1
preferir,1
tome,1
desenvolvedores,1
criticar,1
voltadas,1
agradáveis,1
rechaçar,1
satisfatória,1
ideologia,1
pautada,1
morna,1
anti-inflamatórios,1
bicarbonato,1
antitérmicos,1
crença,1
caseiros,1
justifica,1
dipirona,1
influi,1
defende,1
imunizam,1
notar,1
chileno,1
proliferado,1
semestre,1
denúncia,1
recebemos,1
propagam,1
atores,1
calafrios,1
seguidores,1
disseminadores,1
provocando,1
resolvem,1
musculares,1
destaque,1
personalidades,1
diminuem,1
fluxo,1
sensações,1
durar,1
pretendem,1
deslegitimando,1
'só,1
mentiu,1
provar,1
world,1
agronegócio,1
viva,1
ironia,1
profundo,1
destas,1
contestam,1
superpotentes,1
extensa,1
certificadas,1
paraíba,1
bragantina,1
imãs,1
incor,1
desvio,1
discorda,1
proibição,1
descansando,1
baseado,1
rígidas,1
lançada,1
término,1
dando-se,1
phoenix,1
arizona,1
parede,1
"8,5",1
tempestades,1
diz-se,1
botar,1
brilhante,1
noticiário,1
esteira,1
descansar,1
gigante,1
descrição,1
reparação,1
apneia,1
distúrbio,1
interrompe,1
noticiaram,1
desliga,1
pausa,1
ferguson,1
jerry,1
fotógrafo,1
estações,1
our,1
fino,1
desviados,1
relaxar,1
projetar,1
causado,1
bruxelas,1
observar,1
propõe,1
adotadas,1
exemplificar,1
atribuem,1
vazias,1
prateleiras,1
amazônica,1
detectou-se,1
amaral,1
andryo,1
colaborou,1
passadas,1
autuado,1
laranjas,1
acordado,1
fecha,1
aceleram,1
belga,1
obstruído,1
temor,1
europeu,1
parasse,1
âmbito,1
expelindo,1
emergenciais,1
comprimento,1
paralisação,1
motivou,1
demissão,1
atendia,1
convive,1
nivelles,1
anunciar,1
kuehne+nagel,1
paem/ufopa,1
túnel,1
percorram,1
mercados,1
muita,1
abrindo,1
feixe,1
rajada,1
ignorou,1
fact-checking,1
518.902,1
observações,1
ineficazes…,1
jefferson,1
248.431,1
pastor,1
silas,1
completado,1
malafaia,1
colocam,1
atitudes,1
8.052,1
finalizados,1
compareceram,1
postos,1
confundir,1
formal,1
eram,1
coordenar,1
"3,25",1
limpo,1
integravam,1
lidam,1
animadoras,1
tragédias,1
líderes,1
minha,1
religiosos,1
davam,1
aqui,1
euadelta,1
carla,1
ameaçam,1
zambelli,1
bia,1
pp-pr,1
kicis,1
psl-df,1
câmara,1
783.228,1
confiado,1
arrependido,1
deste,1
barros,1
afetado,1
tirou,1
epm-unifesp,1
acumulada,1
forneciam,1
automedicar,1
votado,1
leloir,1
preventivas,1
2.610,1
"1,1",1
234.829,1
vacinando,1
conicet,1
paulomoradores,1
paulotempestade,1
defenderam,1
questionaram,1
mgfotos,1
candidata,1
fio,1
chuvas,1
ocorreram,1
ventos,1
estiagem,1
associam,1
ignorar,1
desencadeou,1
institucional',1
argentino,1
financeiros,1
disseminadas,1
economicamente,1
enxurrada,1
agravada,1
vaxinz,1
dedica,1
atrasada,1
biotecnologia,1
7.317,1
'desinformação,1
proporcionalmente,1
enfermeiro,1
"4,4",1
gripezinha,1
despedir,1
crítico,1
164.197,1
rodas,1
cadeira,1
teológico,1
dogmática,1
moral,1
biodiversidade,1
socioambientais,1
graphene-based,1
materials,1
consolidação,1
to,1
combat,1
properties,1
territorial,1
perspectives,1
and,1
prospects,1
disat,1
cursos,1
major,1
capes,1
pós-graduação,1
descentralizar,1
contribuiriam,1
técnicos,1
capacitar,1
informatização,1
potential,1
pereira,1
ufrn,1
paulistas,1
acumulado,1
nominal,1
permitido,1
precedentes,1
elevados,1
serrana,1
compartilharam,1
puro,1
militarizado,1
excelência,1
forças,1
ocupada,1
analista,1
soavinski,1
diretorias,1
chico,1
mendes,1
compartilham,1
derivados,1
oriundos,1
cosméticos,1
dibio,1
beto,1
biotecnológico,1
diplan,1
programar,1
correio,1
obtivemos,1
localização,1
demográficas,1
genbank,1
realiza,1
mainframe,1
computador,1
poder,1
naquela,1
recebendo,1
orientador,1
"12,67",1
"0,3",1
exemplar,1
"4,053",1
proposta,1
escolhido,1
"12,7",1
render,1
roupagem,1
sequenciadores,1
chromobacterium,1
comandada,1
aurélio,1
negro,1
venancio,1
ácidas,1
tenente,1
subtropicais,1
tropicais,1
violaceum,1
preventivo,1
tce,1
castro,1
capacitação,1
simanovic,1
organizou,1
diman,1
ronei,1
alcantara,1
fonseca,1
distrito,1
incorporando,1
lunitti,1
proposto,1
progresso,1
sofrendo,1
anti-covid,1
humanosconfusão,1
heróis,1
deputada,1
sobrevive,1
tumulto,1
cortadas,1
aluno,1
bancada,1
bhparedão,1
eliminação,1
picos,1
inspirou,1
instáveis,1
bbb,1
edital,1
horror,1
potaciu,1
repentinos,1
resumo,1
sucessivas,1
rolando,1
agravaram,1
"5,60",1
fuga,1
famosa,1
buscarem,1
ganhado,1
proteico,1
concursos,1
usuários,1
caro,1
movimentando,1
remover,1
26.615,1
dólar,1
cambiais,1
flutuações,1
refém,1
nocivas,1
importados,1
reagentes,1
insumos,1
misturadas,1
português,1
denuncia,1
causaria,1
rjdilma,1
pré-candidatos,1
mediado,1
supercomputador,1
vera,1
magalhães,1
proporcionará,1
vimos,1
orgia,1
arrombamento,1
fiscal,1
recoberto,1
trilhão,1
presenciais,1
interagir,1
aulas,1
biocompatíveis,1
codificam,1
localizadas,1
excluindo,1
ligadas,1
preocupam,1
especialidades,1
promovido,1
participaram,1
"8,8",1
ab3c,1
computacional,1
mal-estar,1
bateria,1
exameslivros,1
faturamento,1
editorial,1
tomando-se,1
fazer,1
isentona,1
presencial,1
leitte,1
desculpas,1
horas,1
gloria,1
apresentadora,1
estúdio,1
rigoroso,1
ex-prefeito,1
simultâneos,1
"0,27",1
"4,6",1
prejudicam,1
recessão,1
esportes,1
atribuições,1
ginásio,1
pioneiro,1
terceira,1
revitalização,1
descartou,1
localizado,1
fênix,1
atlas,1
petrobras,1
analisará,1
supercomputadores,1
35.173,1
quebrou,1
desemprego,1
legislativas,1
assembleias,1
prejudicou,1
idades,1
viver,1
jairbolsonaro,1
@,1
ressalvas,1
receberá,1
mobilizados,1
bastidores,1
coronavírusos,1
vírusinteligência,1
especular,1
1.750,1
fiz,1
interpretar,1
processar,1
apresentei,1
assumimos,1
pioneiras,1
marcando,1
23h,1
nega,1
veementemente,1
juventude,1
zeni,1
hugo,1
ribeiro,1
carreira,1
piorou,1
futuras,1
contemplando,1
2.029,1
maissexta-feira,1
tratou,1
caminhos,1
possíveis.,1
1.077,1
atendidos,1
estudantes,1
vacinou,1
"99,2",1
refeições,1
aula/dia,1
oferecendo,1
dure,1
2.030,1
absolutos,1
1.743.616,1
"79,96",1
"63,54",1
kucharski,1
colocação,1
projeção,1
entendemos,1
reforma,1
reforçou,1
incluem,1
dispostos,1
construir,1
zema,1
romeu,1
dem,1
caiado,1
ronaldo,1
repescagem,1
zh,1
administrativa,1
notíciasacompanhe,1
administrativas,1
construiu,1
liderança,1
estadovacinação,1
ungido,1
remessa,1
maissegunda-feira,1
ajustes,1
alíquota,1
ampliada,1
expliquei,1
modelagem,1
àquela,1
domingos,1
precursor,1
fontoura,1
cruzou,1
buscaram,1
venter,1
craig,1
geneticista,1
decodificado,1
psdb-mg,1
vice-presidente,1
influenzae,1
haemophilus,1
em1995,1
viria,1
entrei,1
sequenciais,1
codificado,1
atrasava,1
dramática,1
pronunciaram,1
mineiros,1
tucanos,1
concluí,1
olinto,1
antônio,1
lembrei-me,1
poderosa,1
precisaríamos,1
poderíamos,1
ib,1
lógico,1
explodir,1
respeitando,1
gaúcho,1
executiva,1
falecido,1
institucionalizar,1
contribuíram,1
progredido,1
fundador,1
filiados,1
chagas,1
orientado,1
nessa,1
aumentados,1
exponencialmente,1
entregando,1
adenina,1
guanina,1
citosina,1
representadas,1
receituário,1
gaúchos,1
imenso,1
volume,1
guarda,1
microscópico,1
descumprido,1
oceano,1
processamento,1
antecessor,1
ivo,1
especialidade,1
sartori,1
beneficiado,1
sugerindo,1
ameaças,1
mercadorias,1
timina,1
blocos,1
salários,1
pecuária,1
21',1
'ciência,1
subsidiarem,1
propaga,1
deixadas,1
ascendentes,1
retrato,1
ingrediente,1
melhoramento,1
prometido,1
referente,1
pf-07321332,1
inibidor,1
quitação,1
folha,1
funcional,1
biólogos,1
sars-cov2-3cl,1
fabricação,1
primária,1
cérebros,1
investe,1
fãs,1
dizendo…,1
exagerando,1
supostos,1
federais,1
acrescidas,1
prejudicar,1
querendo,1
escalão,1
cega,1
transformar,1
reconvocações,1
acadêmico,1
racionalidade,1
esperava,1
compartilhavam,1
recebiam,1
fazia,1
havendo,1
corretas,1
relacione,1
esclarecer,1
compartilhava,1
obrigação,1
magnético,1
falava,1
caixas,1
comecei,1
envelope,1
tomasse,1
ingredientes,1
circulavam,1
omar,1
protetiva,1
psd-am,1
pretende,1
notas,1
juntarem,1
pauta,1
cachorro,1
pro,1
comprei,1
reproduzir,1
desculpa,1
convocações,1
weintraub,1
ex-assessor,1
informamos,1
tá,1
esclarecemos,1
olha,1
general,1
maus,1
lençóis,1
expõe,1
negacionismo,1
pele,1
sofreram,1
contradição,1
publica,1
estratégias,1
cpio,1
detectáveis,1
momentos,1
propalado,1
insólitos,1
tênis,1
utilizam,1
confundiu,1
confusão,1
menosprezava,1
drug,1
colocou,1
guglieri,1
empreendedor,1
ict/unifesp,1
aparecendo,1
aí,1
café,1
ah,1
vier,1
cobrava,1
pesado,1
contradiz,1
explicações,1
nirton,1
flor,1
impulsionado,1
cristi,1
velha,1
atrito,1
complicou,1
contar,1
alertado,1
ex-ministro,1
colunista,1
feia,1
depoimentos,1
mirabolantes,1
falam,1
restrição,1
refuta,1
endosse,1
maduras,1
usem,1
vacinem,1
sente,1
psicossomáticas,1
sinto,1
crônicas,1
agudizadas,1
temporariamente,1
suzana,1
lobo,1
diretora-presidente,1
refletir,1
favorecem,1
la,1
prejudica,1
quinta,1
columna,1
provocada,1
desassistência,1
sobreviventes,1
paladar,1
padre,1
resolução,1
caracterizar,1
perderam,1
olfato,1
'para,1
roma,1
alfonsiana,1
gregoriana,1
estudou,1
agravamento,1
curitiba,1
filosofia,1
sentidos,1
lages,1
vianney,1
magnetizadas,1
frases,1
vai,1
chamou,1
3clpro,1
denominada,1
moravam,1
cegamente,1
pandemia…,1
produziu,1
disparam,1
impulsionou,1
culpo,1
tira,1
ficava,1
injetáveis,1
culpar,1
despedida,1
falecer,1
ido,1
falaram,1
🎧,1
percebeu,1
destaques,1
entubado,1
encerrar,1
evoluiu,1
pegou,1
obrigou,1
cloreto,1
responsabilizadas,1
di-hidrogenofosfato,1
enxergam,1
desconhecidos,1
metabolismo,1
validade,1
colômbia,1
debilitaram,1
comprovados,1
refutando,1
menos,1
reafirma,1
procuradas,1
dissódico,1
bom,1
consultadas,1
acerta,1
voltas,1
criaram,1
reproduziram,1
alumínio,1
caíram,1
hidrogenofosfato,1
cassação,1
ensejar,1
assume,1
carreadores,1
eletrônicas,1
internautas,1
coronavirus,1
compraram,1
compra,1
ingressos,1
explicativo,1
eletrônica,1
urna,1
propagado,1
cassado,1
psl-pr,1
antecipou,1
programada,1
🦁,1
ministros,1
reta,1
dimensões,1
equivalentes,1
bilionésima,1
10-9,1
adulteradas,1
"54,80",1
eleição,1
acionada,1
opiniões,1
responsabilizados,1
máxima,1
8h25,1
36.959,1
9h52,1
10h49,1
acusa,1
proteicas,1
1.441.171,1
sesa,1
julgamento,1
holrbach,1
boom,1
lares,1
cndl/spc,1
pódio,1
auditoria,1
contraia,1
cresceram,1
tirar,1
apresentarem,1
divergiu,1
2.375,1
biocompatível,1
tirado,1
satírica,1
circular,1
urban,1
norte-americano,1
jungle,1
peculiaridades,1
cultivar,1
mini,1
forçada,1
'tios,1
assegura,1
'sobrinhos,1
tiktokers',1
vestidas,1
carreador,1
correndo,1
sabe,1
tio,1
recomende,1
"31,9",1
placas,1
moda,1
emprego,1
exercer,1
2.143,1
acertar,1
congregação,1
sorteio,1
loucos,1
creches,1
imaginou,1
1.200,1
sujeitas,1
elizabeth,1
desejam,1
apê,1
obrigá-lo,1
corram,1
decorado,1
conversou,1
'loucos,1
aderiram,1
carnosina,1
tre,1
absolveu,1
8h11,1
às,1
notório,1
corregedor,1
gorduras,1
orgânicas,1
assistido,1
evidencia,1
b.1.617,1
aumenta,1
enquadrar,1
rei,1
contidos,1
princípios,1
cantor,1
converte,1
notadamente,1
reveste,1
cometimento,1
escudo,1
drive-thru,1
tal,1
apenado,1
lipídeos,1
valeu,1
formadas,1
sérgio,1
horbach,1
exitoso,1
452.224,1
oliva,1
16.195.981,1
glaucius,1
estabilidade,1
coletas,1
banhos,1
araújo,1
biology,1
tamanha,1
blindar,1
serviria,1
unesp,1
configurada,1
mococa,1
campbell,1
preocupados,1
paladino,1
beneficiário,1
dirigindo,1
utilizando-se,1
luminosidade,1
determinando,1
inelegível,1
torná-lo,1
cassar,1
votou,1
concreto,1
debruçar,1
iguaçu,1
alinham,1
configurar,1
classificou,1
entendeu,1
6h47,1
brasília,1
mp,1
umbra,1
provado,1
entenderam,1
7h44,1
magistrados,1
imediatos,1
contratadas,1
degradação,1
constitui,1
gravou,1
descabidos,1
inéditos,1
atuam,1
eleitorado,1
incutindo-se,1
infundados,1
promoção,1
abusivo,1
considerou,1
manipuladoras,1
democrático,1
sujar,1
chegarão,1
ribossomos,1
salientar,1
viracopos,1
eleitores,1
"2,8",1
levaram,1
selecionado,1
8ª,1
excelentes,1
batido,1
país.,1
acompanhado,1
música,1
exista,1
aprovada.,1
experimento,1
mecânica,1
renovar,1
cff,1
museus,1
iqvi,1
expansão,1
longas,1
salas,1
jundiaí,1
dobrou,1
invisíveis,1
medem,1
aproveita,1
cumprido,1
autorizada,1
dr.,1
sumidade,1
ascórbico,1
buzzfeed,1
escolham,1
engajados,1
rejeitá-los,1
naquele,1
sertaneja,1
ouvir,1
reconhecê-las,1
informada,1
discutir,1
ser,1
reabertura,1
respeitoso,1
comparado,1
despejar,1
escrito,1
epidemiologista-chefe,1
fornece,1
prolongamento,1
toque,1
recolher,1
micrômetro,1
ampliação,1
pesquisaram,1
expira,1
descontextualiza,1
usb,1
cobre,1
m2,1
dispensado,1
lâmpada,1
led,1
cores,1
retrata,1
noblecourt,1
tripulação,1
voo,1
inibiu,1
gol,1
caiu,1
conheçam,1
surpresos,1
causados,1
marketing,1
gilberto,1
figueiredo,1
aprovados,1
escolares,1
garantindo,1
dispensada,1
emite,1
encerrado,1
torre,1
expelida,1
multiplicada,1
feio,1
impressão,1
critica,1
insuficientes,1
chamas,1
indicações,1
generalizada,1
encerraram,1
elevadas,1
condução,1
theben,1
fabrica,1
vendeu,1
8.600,1
reguladora,1
contraírem,1
influentes,1
liberada,1
digerir,1
postou,1
comunitários,1
informais,1
quatro,1
culto,1
clã,1
trabalhista,1
mesquitas,1
igrejas,1
cientes,1
racismo,1
estrutural,1
reeleição,1
disputar,1
étnicos,1
marcou,1
congresso,1
multiplicaram,1
mantém,1
oportunidades,1
nicki,1
seguro-desemprego,1
fabiano,1
salário-mínimo,1
marcado,1
ministras,1
responderiam,1
encontro,1
suspensão,1
recebessem,1
palácio,1
refeição,1
automáticas,1
mau,1
bergamo,1
crucial,1
mônica,1
pobres,1
pouco,1
trazer,1
comigo,1
conte,1
comprovando,1
deslocamento,1
tmj,1
minaj,1
associando,1
inspiradoras,1
aliança,1
adaptada,1
nenhuma,1
confusa,1
admitiu,1
npr,1
mudaram,1
circunstâncias,1
defendido,1
posteriores,1
coliderou,1
recomendaria,1
parassem,1
enfático,1
expandido,1
retumbante,1
nichos,1
trabalhem,1
factcheck.org,1
criativa,1
restrita,1
bater,1
aconteça,1
provam,1
publicamente,1
inalação,1
recusaram,1
mirian,1
morrerem,1
portugal,1
rt,1
barulho,1
chances,1
curadas,1
lancet,1
reduzindo,1
longos,1
supostamente,1
adequadamente,1
canta,1
grita,1
relativos,1
exala,1
receio,1
ensinar,1
branca,1
acessível,1
€,1
alves,1
sarandi,1
altruísta,1
amoroso,1
irreparável,1
marco,1
22h,1
manutenção,1
402.742,1
define,1
dedicados,1
pitt,1
diretor-adjunto,1
aconteceram,1
vaga,1
unicamp,1
hc,1
organiza,1
gargalo,1
livres,1
sustentou,1
resultaram,1
ijuí,1
companheiro,1
avança,1
brighton,1
anjo,1
intensivista,1
17.836,1
dimartini,1
niedja,1
salvar,1
milagrosa,1
conversam,1
15.734,1
salvou,1
feliz,1
11.020,1
14.807,1
herói,1
caiam,1
parâmetros,1
11.968,1
vento,1
pinhal,1
santo,1
espírito,1
muitos,1
conversation,1
18.474,1
internadas,1
dificultados,1
complexidade,1
metrópole,1
mantê-la,1
1.430.369,1
esperanças,1
"97,1",1
produza,1
ventilar,1
7.177,1
"0,5",1
sofisticado,1
hábitos,1
lair,1
desenvolvemos,1
vivido,1
"2,4",1
intervencionista,1
'mais,1
momento,1
respostasveja,1
1.473.274,1
represamento,1
cirurgias,1
engajamento,1
originalmente,1
35.632,1
trabalhavam,1
soma,1
contratação,1
republicanos,1
saadi,1
dário,1
massivo,1
intervenções,1
eletivas,1
financiam,1
"79,65",1
investem,1
enorme,1
reconhecido,1
incessante,1
cansados,1
ascensão,1
agendados,1
natural,1
impossível,1
gás,1
patenteadas,1
estabilize,1
legais,1
fins,1
título,1
antiparasitários,1
recebimento,1
jean-louis,1
roubaty,1
colégio,1
yvelines,1
parisiense,1
instalados,1
reclamação,1
epidêmico,1
é.,1
cantinas,1
cautela,1
ciclos,1
infecciosos,1
insuficiente,1
aliada,1
rutschman,1
expressivas,1
pré-escolas,1
adjunto,1
carbônico,1
administrados,1
volumes,1
acenderá,1
viciado,1
modificar,1
guinle,1
gaffrée,1
universitário,1
behrsin,1
ausência,1
rodolfo,1
cômodo,1
visibilidade,1
juliano,1
melo,1
louis,1
st,1
aliado,1
ganhou,1
celebrado,1
respirado,1
26.486,1
desta,1
transumanos,1
lembram,1
indíviduos,1
perdem,1
espirram,1
tossem,1
onda,1
demonstra,1
"35,68",1
le,1
monde,1
suprema,1
bruno,1
113.764,1
40.986,1
andreotti,1
aceitável,1
incorretas,1
38.411,1
atendimentos,1
indaiatuba,1
estatisticamente,1
juntas,1
probabilidades,1
medindo,1
elevada,1
respiraram,1
dia,1
complementar,1
expelidos,1
simultaneamente,1
548.435,1
13.947,1
patenteados,1
segmentos,1
criam,1
mama,1
patentear,1
genetics,1
myriad,1
patologias,1
termpo,1
envolvendo,1
promovida,1
cobrem,1
damares,1
imunizado,1
entenderem,1
mandei,1
dica,1
carapã,1
abastecimento,1
íntegra,1
busque,1
envio,1
viabilizar,1
'não,1
figuras,1
fonte,1
insumo,1
pfizer-biontech,1
lacen/ms,1
monitora,1
vivenciou,1
repetido,1
mínimos,1
desperdício,1
considerável,1
intoxicações,1
prevalente,1
laguna,1
anúncio,1
juti,1
atualizada,1
chapadão,1
populosa,1
apontava,1
massachusetts,1
geral,1
assembleia,1
76ª,1
lagoas,1
proferida,1
veracidade,1
jateí,1
revelam,1
sites,1
anaurilândia,1
bataguassu,1
caarapó,1
caracol,1
cassilândia,1
glória,1
jaraguari,1
desnecessárias,1
oriundo,1
contágios,1
monetário,1
safra,1
bradesco,1
bb,1
badesc,1
distinções,1
companhia,1
estatal,1
credenciadas,1
financeiras,1
temores,1
confundidos,1
"43,3",1
bizarras,1
eloquentes,1
offline,1
mohammad,1
p.1.7,1
populacional,1
modalidade,1
st.,1
george,1
itaú,1
indecisão,1
quisermos,1
listagem,1
fmi,1
distribuidor,1
repassa,1
cultural,1
relutam,1
solicitação,1
procura,1
egoístas,1
financiáveis,1
item,1
sensibilidade,1
deseja,1
psicólogos,1
escolhe,1
interessado,1
especializados,1
mapeadas,1
credenciados,1
argumentam,1
tratados,1
technology,1
desigual,1
londres,1
combina,1
peter,1
co-autor,1
parabéns,1
afirmaram,1
portas,1
vencesse,1
gazette,1
abrisse,1
esquerda,1
partidos,1
bbibp-corv,1
zf2001,1
alegou,1
alckmin,1
subsidiar,1
unir,1
coligação,1
ajuizada,1
prévia,1
acrescidos,1
pré-print,1
501y.v2,1
b.1351,1
tabulados,1
xingu,1
microscópios,1
subdimensionar,1
subnotificação,1
mortandade,1
estimular,1
'placar,1
"2,41",1
"1,05",1
toxinas,1
félix,1
wesley,1
parauapebas,1
estabilização,1
habitantes,1
ponderando,1
itens,1
integrados,1
entende-se,1
viçosa,1
cota,1
sentença,1
práticas,1
comício,1
biológico,1
"49,4",1
forçar,1
b.1.617.2,1
ay.4,1
brasilsaiba,1
"6,8",1
corumbá,1
protesto,1
ladário,1
amambai,1
desenvolvidas,1
impeachment,1
ruas,1
gamaleya,1
nenhum,1
desenvolvedor,1
anhangabaú,1
ativado,1
entregar,1
'distribuição,1
diretas,1
nunca,1
mundodistanciamento,1
evitado,1
mpt,1
rbd,1
irregular,1
protetor,1
encolhemos,1
demitidos,1
pena,1
votarem,1
avaliam,1
procuradoria,1
temporária,1
"89,3",1
ativar,1
votassem,1
colaboradores,1
acessório,1
proibiu,1
7ª,1
reagente,1
coagidos,1
relataram,1
rapkiewicz,1
jackson,1
elegível,1
espermatozoides,1
los,1
-19,1
angeles,1
aparentemente,1
contraditórias,1
avaliações,1
negativas,1
tende,1
contrapartida,1
serviçovacina,1
2.500,1
apto,1
independente,1
concentrar,1
comprove,1
autoridade,1
classifica,1
reduziria,1
corre,1
balcão,1
antidemocráticos,1
permitam,1
erétil,1
califórnia,1
antunes,1
focavam,1
consideração,1
envolviam,1
captados,1
agulhas,1
estabeleça,1
urologista,1
totaliza,1
alberto,1
urologia,1
disfunção,1
razões,1
influenciando,1
útil,1
próstata,1
13.745,1
sabidamente,1
influenciam,1
vejamos,1
jessica,1
mpf-sp,1
acolhido,1
relacionando,1
exageram,1
esquecer,1
tesoureiro,1
receptividade,1
baile,1
mourão,1
dama,1
vice-primeira,1
brincos,1
vestido,1
desenhar,1
paulistana,1
estilista,1
kherlakian,1
vivian,1
tornaram-se,1
desanima,1
muro,1
retardado,1
complicado,1
arruda,1
flávia,1
liberal,1
tola,1
deliberadamente,1
tramitam,1
tramita,1
ativamente,1
criminalmente,1
depoente,1
instâncias,1
tramitando,1
hesitar,1
off-label,1
masculino,1
criminais,1
ignorá-las,1
arriscada,1
alertar,1
digita,1
farmacêutico,1
consto,1
tradutor,1
olavo,1
palestra,1
influenciaram,1
questionários,1
consistentemente,1
"16,3",1
exploraram,1
sul-americana,1
encaminhados,1
apreendida,1
jurídicas,1
n.4,1
rua,1
lidando,1
abordaram,1
ostensivas,1
rondas,1
realizavam,1
fértil,1
p.1.2,1
quilos,1
baixos,1
nordeste,1
concórdia,1
tráfico,1
felizmente,1
espanha,1
a.2.5.2,1
cabíveis,1
b1.212,1
secreta,1
comprometida,1
b.1.1.28,1
"12,8",1
vender,1
financia,1
b.1.1.33,1
minoria,1
compro,1
"8,2",1
pedi,1
técnico-científico,1
denunciam,1
anticientífica,1
indecisas,1
relutou,1
"12,2",1
b1,1
mudando,1
mira,1
gerente,1
youtubers,1
esportivos,1
modelos,1
superaram,1
'fase,1
quão,1
b.1.1.44,1
vacina.coletividade,1
vontade,1
tratam,1
uci,1
bancários,1
cornelia,1
dinamarca,1
islândia,1
b.1.240,1
golpes,1
erfurt,1
colegas,1
pediram,1
avaliassem,1
mediam,1
compararam,1
efetividade,1
hpv,1
caseiras,1
benefícios.conveniência,1
204.417,1
inglaterra,1
implementação.complacência,1
b.1.1,1
manobra,1
qualificam,1
b.1.1.247,1
4.273,1
oferecem,1
formuladores,1
políticas,1
decidem,1
gâmbia,1
"47,89",1
arrecadar,1
9.472,1
saúde.cálculo,1
ocidental,1
envolvimento,1
"52,11",1
b.1.1.274,1
custos,1
222.465,1
brasilcoronavírus,1
clássicos,1
enfraquecidos,1
empreitada,1
requerem,1
consciência,1
crie,1
embasar,1
bloquear,1
enfrentam,1
zulma,1
cucunubá,1
comentar,1
vacinais,1
mers-cov,1
questiona,1
enormes,1
buracos,1
escapando,1
folgada,1
filmado,1
lados,1
apertada,1
trajeto,1
honrosa,1
torná-la,1
testemunhas,1
letal,1
ligações,1
atila,1
iamarino,1
"1,8",1
atendidas,1
instrumentos,1
simulação,1
méxico,1
axios,1
citava,1
possuir,1
haveria,1
geradas,1
intelectual,1
embasava,1
implacável,1
selecionando,1
21h07,1
reinfectam,1
constituem,1
tentou,1
metal,1
manhã,1
recorrer,1
caracteriza,1
essenciais,1
use,1
desistência,1
realista,1
gene,1
pagou,1
invadir,1
cobra,1
priorizando,1
silenciosa,1
morcegosvacinação,1
lembraram,1
controla,1
selecionadas,1
entendendo,1
nikon,1
patrocinadora,1
recusou,1
acharem,1
praia,1
revisão,1
conduzida,1
funcionem,1
usá-las,1
queixo,1
ciams,1
geograficamente,1
fotomicrografia,1
parentesco,1
proximidade,1
folgas,1
geográfica,1
plausibilidade,1
agendou,1
francesas,1
qual,1
renato,1
cobrir,1
sophie-marie,1
'science',1
aicher,1
delphine,1
comparativo,1
planas,1
icb,1
divulgador,1
citomegalovírus,1
cinza,1
departamentos,1
maçanetas,1
pangolim,1
funcionamé,1
tocar,1
sudeste,1
resíduos,1
asiático,1
manusear,1
banheiro,1
espirrar,1
tossir,1
alergias,1
valendo,1
arredondado,1
diminuindo,1
"50,4",1
signatários,1
estatístico,1
07/04,1
ralph,1
baric,1
visita,1
lembre,1
olhos,1
"91,5",1
lin-fa,1
wang,1
detectou,1
morcegos-ferradura,1
mantidos,1
caverna,1
chuva,1
raccs203,1
"50,7",1
promotores,1
austrália,1
atrapalharam,1
francês,1
alemão,1
chamadas,1
intimamente,1
polifact,1
rmyn02,1
yunnan,1
"93,6",1
'mutação,1
'estou,1
costuma,1
'variante,1
deve-se,1
229e,1
nl63,1
oc43,1
entrariam,1
hku1,1
transportados,1
sommeliers,1
espirros,1
chamados,1
suscetível,1
substancial,1
oficializou,1
oferece,1
'sommeliers',1
sofram,1
final,1
exceto,1
assegurar,1
permitiram,1
perfeito,1
b.1.429,1
interações,1
frontais,1
confirmada,1
'cepa,1
'linhagem'vacinas,1
influencia,1
eficáciao,1
alterado,1
das,1
triagem,1
impõem,1
voltarem,1
listas,1
b.1.427,1
goianiense,1
superespalhadoras,1
destacam,1
ufcspa,1
recusarem,1
b.1.351,1
datados,1
reitora,1
lucia,1
competição,1
teófilo,1
"7,09",1
apareça,1
utilizaram,1
fizer,1
desencadeia,1
anunciado,1
cadastro,1
trouxessem,1
ensina,1
abundantes,1
compara,1
não,1
regionalmente,1
tentativas,1
pronta,1
preencha,1
trará,1
autor,1
sênior,1
mares,1
verdes,1
enriquecedora,1
treinado,1
comandos,1
lê,1
reclamar,1
conecte,1
baseiam,1
montaram,1
atende,1
desista,1
cadastrados,1
contempladas,1
deriva,1
sobrenome,1
disponibilizar,1
receptores,1
ganho,1
b.,1
beneficiados,1
concede,1
dê,1
dependência,1
popular',1
'cnh,1
instabilidades,1
tomamos,1
reagir,1
manoel,1
gástrica,1
conhecem,1
preços,1
interagem,1
etanol,1
vantajoso,1
combustível,1
detranmesmo,1
provocarem,1
sequencia,1
continente,1
africano,1
acusam,1
achadas,1
dirigem,1
cinto,1
motoristas,1
multar,1
expressavam,1
adenoviral,1
–países,1
contempla,1
avaliavam,1
sequenciam,1
integra,1
avenidas,1
comparável,1
habilitação,1
cadastrar,1
consumada,1
camilo,1
estágios,1
complicados,1
oficialmente,1
intubação,1
toda,1
sinaliza,1
jereissati,1
genômicos,1
guardado,1
independência,1
contemplasse,1
degradadas,1
reformulamos,1
soares,1
washington,1
protegido,1
digestivo,1
decretada,1
vermelho,1
interessante,1
dispersas,1
ficarem,1
morcego,1
pulga,1
ventila,1
legítimas,1
cair,1
satisfatórias,1
pretexto,1
desencorajar,1
conhecia,1
separadamente,1
vírions,1
conduzidas,1
lamenta,1
completas,1
flagram,1
áereos,1
tamanhos,1
sabíamos,1
proliferação,1
farmacêuticas,1
específicas,1
baseados,1
higienizando,1
captura,1
previnem,1
entradas,1
termômetros,1
humberto,1
argumenta,1
microscópica,1
shopping,1
submetido,1
lavando,1
evidenciam,1
atualizou,1
juntam,1
tecla,1
vizinhas,1
pesquisadas,1
estreia,1
massas,1
apontavam,1
enfatizada,1
inaladas,1
academias,1
constataram,1
organizadas,1
secretar,1
substância,1
frequênciaevitar,1
ácida,1
aglomeraçõeslavar,1
distanciamentoevitar,1
máscaramanter,1
ventiladosusar,1
digestão,1
alimento,1
relembrar,1
dicas,1
colaborativo,1
tarefa,1
matemático,1
aplicaram,1
dirige,1
desaparecer,1
endêmico,1
íntimos,1
interpretado,1
estômago,1
focos,1
regido,1
youtube,1
cromossomos,1
guardados,1
stanford,1
reservatórios,1
dotado,1
simplicidade,1
incapazes,1
fascinante,1
composto,1
festas,1
divididos,1
intermináveis,1
determinam,1
passada,1
viruses,1
intestino,1
propensão,1
tumor,1
neurodegenerativa,1
duraçãoé,1
confidencialidade,1
"83,7",1
recém-concluída,1
assintomático,1
mencionada,1
temporada,1
comparou,1
ilícitos,1
organizada,1
desconstruir,1
mediram,1
testemunhal,1
documental,1
apurado,1
conseguiam,1
expelidas,1
leviana,1
acusação,1
notaram,1
polainas,1
pescoço,1
dispersar,1
novidade,1
gonçalves,1
joilson,1
cantos,1
inconfessáveis,1
duke,1
macedo,1
entrem,1
esperando,1
inverídicas,1
contidas,1
narrativas,1
cheio,1
aerossol,1
entrando,1
assessora,1
vômitos,1
kits,1
pessoalmente,1
cabia,1
vagina,1
sintomáticas,1
evoluíram,1
mauricio,1
efetivo,1
posicionamento,1
protegermos,1
comunistas,1
caem,1
condenados,1
contraproducente,1
enfraquecido,1
contrariasse,1
servia,1
malha,1
ex-secretário,1
homologado,1
escorregador,1
operavam,1
efetiva,1
fálico,1
sujeitos,1
chegariam,1
sorte,1
riqueza,1
dadas,1
filme,1
agricultores,1
imobiliárias,1
matrículas,1
cancelando,1
concedeu,1
psd,1
correm,1
cpmi,1
parquinhos,1
alertaram,1
germe,1
caluniosa,1
mentirosa,1
concentrou,1
eróticos,1
replicada,1
abrangente,1
afirmamos,1
comerciais,1
afora,1
marcas,1
anônimas,1
especificações,1
recebido,1
abertamente,1
comentou-se,1
rurais,1
coagido,1
fios,1
penas,1
mpf,1
investigativa,1
transgêneros,1
pedimos,1
geográfica.,1
triterapia,1
anti-hiv,1
mantemos,1
ibge,1
enviou,1
obrigam,1
faríamos,1
adaptar,1
pistas,1
reafirmado,1
baseia,1
diferir,1
levantamentos,1
regulares,1
haja,1
monoclonais,1
vrc01,1
"60,3",1
incluiu,1
mantenham,1
devisa,1
andrea,1
33.507,1
3.340,1
profundidade,1
127.501,1
"61,8",1
mora,1
limpas,1
655.587,1
detectaram,1
40.169,1
26.309,1
von,1
40.383,1
nigeriana,1
fatais,1
sensivelmente,1
"8,67",1
separados,1
"75,6",1
209.368,1
zuben,1
4.600,1
"23,5",1
respiratórios,1
subsaariana,1
impresso,1
canoas,1
crônica,1
pelotas,1
atribuindo-as,1
exalta,1
evitada,1
trilhos,1
assentando,1
🎙,1
explico,1
'eu,1
💻,1
comparada,1
piores,1
mata,1
800.000,1
sigilo,1
protegidas,1
premiadas,1
infantil,1
uniformes,1
evitam,1
juntarão,1
construída,1
mostrada,1
espectro,1
ligando,1
mostravam,1
combinar,1
afirmava,1
anexo,1
relaxadas,1
inaugurada,1
superlotação,1
executada,1
infraestrutura,1
terminal,1
aterrorizou,1
lockdowns,1
privado,1
cliente,1
pertencentes,1
àquelas,1
empa-somafel,1
comédia,1
opositora,1
alçaram,1
escolhemos,1
filmagens,1
cessaram,1
tratamos,1
encerrada,1
.a,1
propensos,1
vacinamos,1
resultou,1
parques,1
"51,50",1
"30,18",1
crer,1
sazonal,1
infantis,1
resultando,1
"13,26",1
espalhados,1
atualiza,1
totalização,1
fora,1
errada,1
disciplina,1
age,1
globais,1
infectious,1
thiago,1
combinada,1
tecnológico,1
an,1
american,1
conviver,1
pickle,1
cdts,1
emerging,1
desease,1
sabão,1
eid,1
precisemos,1
acompanharam,1
semanalmente,1
contraíram,1
cinematográfica,1
normas,1
escaparia,1
retirado,1
apurados,1
sustente,1
contrárias,1
apuradas,1
atualizar,1
17.783,1
18.372,1
26.191,1
38.200,1
39.789,1
112.934,1
prováveis,1
admitem,1
amostra,1
limitados,1
"23,10",1
p2,1
p1,1
sugeriram,1
527.471,1
1.858,1
20h406,1
variar,1
13.899,1
543.838,1
9/2,1
15.691,1
14.773,1
sajid,1
infecação,1
vulnerável,1
contrair,1
aceitar,1
aprender,1
descobrir,1
alimentado,1
javid,1
fornecidas,1
sars-cov-2-mg.,1
11.902,1
divergência,1
calculado,1
"1,12",1
vivem,1
dores,1
asiáticos,1
estende,1
4.800,1
10.688,1
virgem,1
indicador,1
peso,1
produções,1
determinados,1
latifundiário,1
império,1
construção,1
​​para,1
latifúndio,1
transformada,1
webstories,1
abandonar,1
salvador,1
fletcher,1
park,1
avaliada,1
hectares,1
aglomerados,1
borracheiro,1
cobrar,1
melhorias,1
british,1
ajustadas,1
columbia,1
barreto,1
santiago,1
resultará,1
idealizador,1
tentadoras,1
chefiar,1
britto,1
gesivaldo,1
genro,1
asiático-americanas,1
procuram,1
dentro,1
contava,1
itamaraty,1
persistentes,1
guiné-bissau,1
passava,1
apontarem,1
performance,1
sócio,1
adaílton,1
outra,1
entrará,1
jogo,1
convivem,1
desligamento,1
ilegalmente,1
importar,1
produtor,1
reduziram,1
canadense,1
servirá,1
brandas,1
liberou,1
covidjustiça,1
suspende,1
autorizavam,1
vacinascompra,1
premiada,1
duradouros,1
'dribla,1
'evidência,1
estratificados,1
atuado,1
cujos,1
calculada,1
pesos,1
reinfectadas,1
obviamente,1
homologada,1
obtidos,1
sentenças,1
arte,1
exclaim,1
recuperar,1
falte,1
entranhas,1
permeiam,1
imdb,1
grilagens,1
quadrilha,1
instrução,1
vazamentos,1
inverno,1
ator,1
usá-la,1
hemisfério,1
fernandes,1
og,1
comediante,1
roteirista,1
minimizando,1
propícias,1
